--
-- PostgreSQL database dump
--

-- Dumped from database version 9.6.10
-- Dumped by pg_dump version 9.6.10

SET statement_timeout = 0;
SET lock_timeout = 0;
SET idle_in_transaction_session_timeout = 0;
SET client_encoding = 'UTF8';
SET standard_conforming_strings = on;
SELECT pg_catalog.set_config('search_path', '', false);
SET check_function_bodies = false;
SET client_min_messages = warning;
SET row_security = off;

--
-- Data for Name: controller; Type: TABLE DATA; Schema: public; Owner: postgres
--

INSERT INTO public.controller (id, device_number, date_created, date_updated, cloud_long_term_key, session_sequence_number, last_activity, lat, lng) VALUES (1, 111, '2018-03-07 21:09:54.612463', NULL, 'test1', 1, NULL, 122, 211);
INSERT INTO public.controller (id, device_number, date_created, date_updated, cloud_long_term_key, session_sequence_number, last_activity, lat, lng) VALUES (3, 858993442, '2018-03-13 21:42:06.209087', NULL, 'Shady', 1, '2018-04-01 14:14:07.649', 1, 1);
INSERT INTO public.controller (id, device_number, date_created, date_updated, cloud_long_term_key, session_sequence_number, last_activity, lat, lng) VALUES (6, 858993504, '2018-05-06 22:56:58.074365', NULL, 'test', 1, NULL, NULL, NULL);
INSERT INTO public.controller (id, device_number, date_created, date_updated, cloud_long_term_key, session_sequence_number, last_activity, lat, lng) VALUES (8, 858993510, '2018-05-07 22:01:44.634111', NULL, 'test tcp', 1, '2018-05-10 14:11:38.082', NULL, NULL);
INSERT INTO public.controller (id, device_number, date_created, date_updated, cloud_long_term_key, session_sequence_number, last_activity, lat, lng) VALUES (5, 858993418, '2018-03-21 14:43:02.647', '2018-03-21 14:43:41.795', '', 1, NULL, 30.0986460999999998, 31.3763523999999983);
INSERT INTO public.controller (id, device_number, date_created, date_updated, cloud_long_term_key, session_sequence_number, last_activity, lat, lng) VALUES (2, 222, '2018-03-07 21:10:20.640962', NULL, 'tet2', 1, '2018-05-18 11:25:20.286', 11, 22);


--
-- Name: controller_id_seq; Type: SEQUENCE SET; Schema: public; Owner: postgres
--

SELECT pg_catalog.setval('public.controller_id_seq', 8, true);


--
-- Data for Name: node; Type: TABLE DATA; Schema: public; Owner: postgres
--

INSERT INTO public.node (id, serial_id, date_created, last_activity, state, ble_address, deleted, progress, estimated_egv) VALUES (23, '1002CC', '2018-04-22 16:22:54.887', NULL, '2', NULL, false, 0, 0);
INSERT INTO public.node (id, serial_id, date_created, last_activity, state, ble_address, deleted, progress, estimated_egv) VALUES (30, '1009CC', '2018-04-22 16:22:55.028', NULL, '2', NULL, false, 0, 0);
INSERT INTO public.node (id, serial_id, date_created, last_activity, state, ble_address, deleted, progress, estimated_egv) VALUES (31, '1010CC', '2018-04-22 16:22:55.035', NULL, '2', NULL, false, 0, 0);
INSERT INTO public.node (id, serial_id, date_created, last_activity, state, ble_address, deleted, progress, estimated_egv) VALUES (32, '1011CC', '2018-04-22 16:22:55.046', NULL, '2', NULL, false, 0, 0);
INSERT INTO public.node (id, serial_id, date_created, last_activity, state, ble_address, deleted, progress, estimated_egv) VALUES (33, '1012CC', '2018-04-22 16:22:55.056', NULL, '2', NULL, false, 0, 0);
INSERT INTO public.node (id, serial_id, date_created, last_activity, state, ble_address, deleted, progress, estimated_egv) VALUES (34, '1013CC', '2018-04-22 16:22:55.067', NULL, '2', NULL, false, 0, 0);
INSERT INTO public.node (id, serial_id, date_created, last_activity, state, ble_address, deleted, progress, estimated_egv) VALUES (35, '1014CC', '2018-04-22 16:22:55.072', NULL, '2', NULL, false, 0, 0);
INSERT INTO public.node (id, serial_id, date_created, last_activity, state, ble_address, deleted, progress, estimated_egv) VALUES (9, '411111', '2018-03-20 17:22:37.71843', NULL, '2', NULL, false, 0, 0);
INSERT INTO public.node (id, serial_id, date_created, last_activity, state, ble_address, deleted, progress, estimated_egv) VALUES (10, '411112', '2018-03-20 17:22:37.71843', NULL, '2', NULL, false, 0, 0);
INSERT INTO public.node (id, serial_id, date_created, last_activity, state, ble_address, deleted, progress, estimated_egv) VALUES (17, '111223', '2018-03-21 14:47:51.336', NULL, '2', NULL, true, 0, 0);
INSERT INTO public.node (id, serial_id, date_created, last_activity, state, ble_address, deleted, progress, estimated_egv) VALUES (18, '111224', '2018-03-21 14:47:54.261', NULL, '2', NULL, true, 0, 0);
INSERT INTO public.node (id, serial_id, date_created, last_activity, state, ble_address, deleted, progress, estimated_egv) VALUES (14, '123456', '2018-03-21 11:36:42.99', NULL, '2', NULL, true, 0, 0);
INSERT INTO public.node (id, serial_id, date_created, last_activity, state, ble_address, deleted, progress, estimated_egv) VALUES (15, '654321', '2018-03-21 11:36:53.785', NULL, '2', NULL, true, 0, 0);
INSERT INTO public.node (id, serial_id, date_created, last_activity, state, ble_address, deleted, progress, estimated_egv) VALUES (19, 'test1', '2018-03-28 19:53:24.043119', NULL, '2', NULL, false, 0, 0);
INSERT INTO public.node (id, serial_id, date_created, last_activity, state, ble_address, deleted, progress, estimated_egv) VALUES (20, '8044N6', '2018-03-30 01:20:20.942523', NULL, '2', NULL, false, 0, 0);
INSERT INTO public.node (id, serial_id, date_created, last_activity, state, ble_address, deleted, progress, estimated_egv) VALUES (36, '2222NN', '2018-05-06 20:31:56.667479', NULL, '2', NULL, false, 0, 0);
INSERT INTO public.node (id, serial_id, date_created, last_activity, state, ble_address, deleted, progress, estimated_egv) VALUES (22, '1001CC', '2018-04-22 16:22:54.82', NULL, '2', NULL, false, 0, 0);
INSERT INTO public.node (id, serial_id, date_created, last_activity, state, ble_address, deleted, progress, estimated_egv) VALUES (11, '415555', '2018-03-20 17:22:37.71843', NULL, '2', NULL, false, 0, 0);
INSERT INTO public.node (id, serial_id, date_created, last_activity, state, ble_address, deleted, progress, estimated_egv) VALUES (7, '80476S', '2018-03-20 17:21:14.605999', '2018-03-20 13:55:13.008', '0', NULL, false, 0, 0);
INSERT INTO public.node (id, serial_id, date_created, last_activity, state, ble_address, deleted, progress, estimated_egv) VALUES (12, '80544Y', '2018-03-20 19:14:28.057851', '2018-05-10 14:11:38.081', '0', NULL, false, 1588, 13086);
INSERT INTO public.node (id, serial_id, date_created, last_activity, state, ble_address, deleted, progress, estimated_egv) VALUES (37, '804JQP', '2018-05-18 01:04:23.476499', '2018-05-18 11:25:20.285', '1', NULL, false, 1076, 832);
INSERT INTO public.node (id, serial_id, date_created, last_activity, state, ble_address, deleted, progress, estimated_egv) VALUES (38, 'ABC100', '2018-05-21 13:02:56.422', NULL, '2', NULL, false, 0, 0);
INSERT INTO public.node (id, serial_id, date_created, last_activity, state, ble_address, deleted, progress, estimated_egv) VALUES (39, 'ABC101', '2018-05-21 13:02:56.699', NULL, '2', NULL, false, 0, 0);
INSERT INTO public.node (id, serial_id, date_created, last_activity, state, ble_address, deleted, progress, estimated_egv) VALUES (40, 'ABC102', '2018-05-21 13:02:56.705', NULL, '2', NULL, false, 0, 0);
INSERT INTO public.node (id, serial_id, date_created, last_activity, state, ble_address, deleted, progress, estimated_egv) VALUES (41, 'ABC103', '2018-05-21 13:02:56.717', NULL, '2', NULL, false, 0, 0);
INSERT INTO public.node (id, serial_id, date_created, last_activity, state, ble_address, deleted, progress, estimated_egv) VALUES (42, 'ABC104', '2018-05-21 13:02:56.722', NULL, '2', NULL, false, 0, 0);
INSERT INTO public.node (id, serial_id, date_created, last_activity, state, ble_address, deleted, progress, estimated_egv) VALUES (43, 'ABC105', '2018-05-21 13:02:56.732', NULL, '2', NULL, false, 0, 0);
INSERT INTO public.node (id, serial_id, date_created, last_activity, state, ble_address, deleted, progress, estimated_egv) VALUES (44, 'ABC106', '2018-05-21 13:02:56.741', NULL, '2', NULL, false, 0, 0);
INSERT INTO public.node (id, serial_id, date_created, last_activity, state, ble_address, deleted, progress, estimated_egv) VALUES (45, 'ABC107', '2018-05-21 13:02:56.749', NULL, '2', NULL, false, 0, 0);
INSERT INTO public.node (id, serial_id, date_created, last_activity, state, ble_address, deleted, progress, estimated_egv) VALUES (46, 'ABC108', '2018-05-21 13:02:56.754', NULL, '2', NULL, false, 0, 0);
INSERT INTO public.node (id, serial_id, date_created, last_activity, state, ble_address, deleted, progress, estimated_egv) VALUES (47, 'ABC109', '2018-05-21 13:02:56.761', NULL, '2', NULL, false, 0, 0);
INSERT INTO public.node (id, serial_id, date_created, last_activity, state, ble_address, deleted, progress, estimated_egv) VALUES (48, 'ABC123', '2018-05-21 13:21:07.831', NULL, '2', NULL, false, 0, 0);
INSERT INTO public.node (id, serial_id, date_created, last_activity, state, ble_address, deleted, progress, estimated_egv) VALUES (49, 'ABC124', '2018-05-21 13:21:12.084', NULL, '2', NULL, false, 0, 0);
INSERT INTO public.node (id, serial_id, date_created, last_activity, state, ble_address, deleted, progress, estimated_egv) VALUES (16, '111222', '2018-03-21 14:47:47.507', NULL, '2', NULL, false, 0, 0);


--
-- Data for Name: log; Type: TABLE DATA; Schema: public; Owner: postgres
--

INSERT INTO public.log (id, controller_id, node_id, log_time, flag, egv, bg, bg_time, seq_no, stream_count, date_created) VALUES (94, 8, 12, 5737160, 0, 1, 0, 0, 0, 9, '2018-05-07 19:16:00.759292');
INSERT INTO public.log (id, controller_id, node_id, log_time, flag, egv, bg, bg_time, seq_no, stream_count, date_created) VALUES (95, 8, 12, 5737160, 0, 1, 0, 0, 0, 1, '2018-05-07 19:16:06.807955');
INSERT INTO public.log (id, controller_id, node_id, log_time, flag, egv, bg, bg_time, seq_no, stream_count, date_created) VALUES (96, 8, 12, 5737160, 0, 1, 0, 0, 0, 1, '2018-05-07 19:16:12.719201');
INSERT INTO public.log (id, controller_id, node_id, log_time, flag, egv, bg, bg_time, seq_no, stream_count, date_created) VALUES (97, 8, 12, 5737160, 0, 1, 0, 0, 0, 1, '2018-05-07 19:16:18.969988');
INSERT INTO public.log (id, controller_id, node_id, log_time, flag, egv, bg, bg_time, seq_no, stream_count, date_created) VALUES (98, 8, 12, 5737160, 0, 1, 0, 0, 0, 1, '2018-05-07 19:16:24.916749');
INSERT INTO public.log (id, controller_id, node_id, log_time, flag, egv, bg, bg_time, seq_no, stream_count, date_created) VALUES (99, 8, 12, 5737160, 0, 1, 0, 0, 0, 1, '2018-05-07 19:16:31.056085');
INSERT INTO public.log (id, controller_id, node_id, log_time, flag, egv, bg, bg_time, seq_no, stream_count, date_created) VALUES (100, 8, 12, 5737160, 0, 1, 0, 0, 0, 10, '2018-05-07 19:16:36.823305');
INSERT INTO public.log (id, controller_id, node_id, log_time, flag, egv, bg, bg_time, seq_no, stream_count, date_created) VALUES (101, 8, 12, 5737160, 0, 1, 0, 0, 0, 2, '2018-05-07 19:16:40.178768');
INSERT INTO public.log (id, controller_id, node_id, log_time, flag, egv, bg, bg_time, seq_no, stream_count, date_created) VALUES (102, 2, 12, 1757419, 0, 1, 0, 0, 0, 9, '2018-05-08 12:54:15.855159');
INSERT INTO public.log (id, controller_id, node_id, log_time, flag, egv, bg, bg_time, seq_no, stream_count, date_created) VALUES (103, 2, 12, 1757419, 0, 1, 0, 0, 0, 9, '2018-05-08 13:06:53.898271');
INSERT INTO public.log (id, controller_id, node_id, log_time, flag, egv, bg, bg_time, seq_no, stream_count, date_created) VALUES (104, 2, 12, 1757419, 0, 1, 0, 0, 0, 9, '2018-05-08 13:07:52.580859');
INSERT INTO public.log (id, controller_id, node_id, log_time, flag, egv, bg, bg_time, seq_no, stream_count, date_created) VALUES (105, 2, 12, 1757419, 0, 1, 0, 0, 0, 9, '2018-05-08 13:12:25.068478');
INSERT INTO public.log (id, controller_id, node_id, log_time, flag, egv, bg, bg_time, seq_no, stream_count, date_created) VALUES (106, 2, 12, 1757419, 0, 1, 0, 0, 0, 9, '2018-05-08 13:12:55.46236');
INSERT INTO public.log (id, controller_id, node_id, log_time, flag, egv, bg, bg_time, seq_no, stream_count, date_created) VALUES (107, 2, 12, 1757419, 0, 1, 0, 0, 0, 9, '2018-05-09 18:24:36.982889');
INSERT INTO public.log (id, controller_id, node_id, log_time, flag, egv, bg, bg_time, seq_no, stream_count, date_created) VALUES (108, 2, 12, 1757419, 0, 1, 0, 0, 0, 9, '2018-05-09 18:25:18.051637');
INSERT INTO public.log (id, controller_id, node_id, log_time, flag, egv, bg, bg_time, seq_no, stream_count, date_created) VALUES (109, 2, 12, 1757419, 0, 1, 0, 0, 0, 9, '2018-05-09 18:29:28.229741');
INSERT INTO public.log (id, controller_id, node_id, log_time, flag, egv, bg, bg_time, seq_no, stream_count, date_created) VALUES (110, 2, 12, 1757419, 0, 1, 0, 0, 0, 9, '2018-05-09 18:30:06.971085');
INSERT INTO public.log (id, controller_id, node_id, log_time, flag, egv, bg, bg_time, seq_no, stream_count, date_created) VALUES (111, 2, 12, 1757419, 0, 1, 0, 0, 0, 9, '2018-05-09 18:46:24.826956');
INSERT INTO public.log (id, controller_id, node_id, log_time, flag, egv, bg, bg_time, seq_no, stream_count, date_created) VALUES (112, 2, 12, 1757419, 0, 1, 0, 0, 0, 9, '2018-05-09 18:46:44.791939');
INSERT INTO public.log (id, controller_id, node_id, log_time, flag, egv, bg, bg_time, seq_no, stream_count, date_created) VALUES (113, 2, 12, 1757419, 0, 1, 0, 0, 0, 9, '2018-05-09 18:46:56.319108');
INSERT INTO public.log (id, controller_id, node_id, log_time, flag, egv, bg, bg_time, seq_no, stream_count, date_created) VALUES (114, 8, 12, 5985256, 0, 1, 0, 0, 0, 9, '2018-05-10 16:11:02.630683');
INSERT INTO public.log (id, controller_id, node_id, log_time, flag, egv, bg, bg_time, seq_no, stream_count, date_created) VALUES (115, 8, 12, 5985256, 0, 1, 0, 0, 0, 1, '2018-05-10 16:11:05.828532');
INSERT INTO public.log (id, controller_id, node_id, log_time, flag, egv, bg, bg_time, seq_no, stream_count, date_created) VALUES (116, 8, 12, 5985256, 0, 1, 0, 0, 0, 1, '2018-05-10 16:11:09.211755');
INSERT INTO public.log (id, controller_id, node_id, log_time, flag, egv, bg, bg_time, seq_no, stream_count, date_created) VALUES (117, 8, 12, 5985256, 0, 1, 0, 0, 0, 1, '2018-05-10 16:11:15.636867');
INSERT INTO public.log (id, controller_id, node_id, log_time, flag, egv, bg, bg_time, seq_no, stream_count, date_created) VALUES (118, 8, 12, 5985256, 0, 1, 0, 0, 0, 1, '2018-05-10 16:11:22.184685');
INSERT INTO public.log (id, controller_id, node_id, log_time, flag, egv, bg, bg_time, seq_no, stream_count, date_created) VALUES (119, 8, 12, 5985256, 0, 1, 0, 0, 0, 1, '2018-05-10 16:11:28.636628');
INSERT INTO public.log (id, controller_id, node_id, log_time, flag, egv, bg, bg_time, seq_no, stream_count, date_created) VALUES (120, 8, 12, 5985256, 0, 1, 0, 0, 0, 10, '2018-05-10 16:11:34.344406');
INSERT INTO public.log (id, controller_id, node_id, log_time, flag, egv, bg, bg_time, seq_no, stream_count, date_created) VALUES (121, 8, 12, 5985256, 0, 1, 0, 0, 0, 2, '2018-05-10 16:11:37.931817');
INSERT INTO public.log (id, controller_id, node_id, log_time, flag, egv, bg, bg_time, seq_no, stream_count, date_created) VALUES (128, 2, 12, 866659, 0, 1, 0, 0, 0, 1, '2018-05-18 13:23:12.934475');
INSERT INTO public.log (id, controller_id, node_id, log_time, flag, egv, bg, bg_time, seq_no, stream_count, date_created) VALUES (125, 2, 12, 866659, 0, 1, 0, 0, 0, 1, '2018-05-18 13:17:45.655219');
INSERT INTO public.log (id, controller_id, node_id, log_time, flag, egv, bg, bg_time, seq_no, stream_count, date_created) VALUES (123, 2, 12, 866659, 0, 1, 0, 0, 0, 1, '2018-05-18 01:30:05.513196');
INSERT INTO public.log (id, controller_id, node_id, log_time, flag, egv, bg, bg_time, seq_no, stream_count, date_created) VALUES (127, 2, 12, 866659, 0, 1, 0, 0, 0, 1, '2018-05-18 13:22:46.72872');
INSERT INTO public.log (id, controller_id, node_id, log_time, flag, egv, bg, bg_time, seq_no, stream_count, date_created) VALUES (126, 2, 12, 866659, 0, 1, 0, 0, 0, 1, '2018-05-18 13:18:21.913574');
INSERT INTO public.log (id, controller_id, node_id, log_time, flag, egv, bg, bg_time, seq_no, stream_count, date_created) VALUES (124, 2, 12, 866659, 0, 1, 0, 0, 0, 1, '2018-05-18 01:30:56.488404');
INSERT INTO public.log (id, controller_id, node_id, log_time, flag, egv, bg, bg_time, seq_no, stream_count, date_created) VALUES (122, 2, 12, 866659, 0, 1, 0, 0, 0, 1, '2018-05-18 01:04:58.195912');
INSERT INTO public.log (id, controller_id, node_id, log_time, flag, egv, bg, bg_time, seq_no, stream_count, date_created) VALUES (129, 2, 37, 866659, 0, 1, 0, 0, 0, 1, '2018-05-18 13:25:20.098958');
INSERT INTO public.log (id, controller_id, node_id, log_time, flag, egv, bg, bg_time, seq_no, stream_count, date_created) VALUES (130, 2, 37, 939855, 0, 1, 0, 0, 0, 1, '2018-05-18 22:26:13.584862');


--
-- Name: log_id_seq; Type: SEQUENCE SET; Schema: public; Owner: postgres
--

SELECT pg_catalog.setval('public.log_id_seq', 130, true);


--
-- Name: node_id_seq; Type: SEQUENCE SET; Schema: public; Owner: postgres
--

SELECT pg_catalog.setval('public.node_id_seq', 49, true);


--
-- Data for Name: node_sequence; Type: TABLE DATA; Schema: public; Owner: postgres
--

INSERT INTO public.node_sequence (seq_no) VALUES (35);


--
-- Data for Name: stream; Type: TABLE DATA; Schema: public; Owner: postgres
--

INSERT INTO public.stream (id, log_time, egv, log_id, date_created) VALUES (32329, 866659, 1, 129, '2018-05-18 13:25:20.103651');
INSERT INTO public.stream (id, log_time, egv, log_id, date_created) VALUES (32330, 616801, 137, 129, '2018-05-18 13:25:20.107078');
INSERT INTO public.stream (id, log_time, egv, log_id, date_created) VALUES (32331, 617101, 125, 129, '2018-05-18 13:25:20.109835');
INSERT INTO public.stream (id, log_time, egv, log_id, date_created) VALUES (32332, 617401, 114, 129, '2018-05-18 13:25:20.111056');
INSERT INTO public.stream (id, log_time, egv, log_id, date_created) VALUES (32333, 617701, 102, 129, '2018-05-18 13:25:20.112351');
INSERT INTO public.stream (id, log_time, egv, log_id, date_created) VALUES (32334, 618001, 91, 129, '2018-05-18 13:25:20.113687');
INSERT INTO public.stream (id, log_time, egv, log_id, date_created) VALUES (32335, 618301, 81, 129, '2018-05-18 13:25:20.114659');
INSERT INTO public.stream (id, log_time, egv, log_id, date_created) VALUES (32336, 618601, 73, 129, '2018-05-18 13:25:20.11615');
INSERT INTO public.stream (id, log_time, egv, log_id, date_created) VALUES (32337, 618901, 65, 129, '2018-05-18 13:25:20.117142');
INSERT INTO public.stream (id, log_time, egv, log_id, date_created) VALUES (32338, 619201, 60, 129, '2018-05-18 13:25:20.118095');
INSERT INTO public.stream (id, log_time, egv, log_id, date_created) VALUES (32339, 619501, 57, 129, '2018-05-18 13:25:20.118971');
INSERT INTO public.stream (id, log_time, egv, log_id, date_created) VALUES (32340, 619801, 55, 129, '2018-05-18 13:25:20.119727');
INSERT INTO public.stream (id, log_time, egv, log_id, date_created) VALUES (32341, 620101, 56, 129, '2018-05-18 13:25:20.1204');
INSERT INTO public.stream (id, log_time, egv, log_id, date_created) VALUES (32342, 620401, 58, 129, '2018-05-18 13:25:20.121037');
INSERT INTO public.stream (id, log_time, egv, log_id, date_created) VALUES (32343, 620701, 63, 129, '2018-05-18 13:25:20.122008');
INSERT INTO public.stream (id, log_time, egv, log_id, date_created) VALUES (32344, 621001, 69, 129, '2018-05-18 13:25:20.122774');
INSERT INTO public.stream (id, log_time, egv, log_id, date_created) VALUES (32345, 621301, 77, 129, '2018-05-18 13:25:20.123621');
INSERT INTO public.stream (id, log_time, egv, log_id, date_created) VALUES (32346, 621601, 87, 129, '2018-05-18 13:25:20.124405');
INSERT INTO public.stream (id, log_time, egv, log_id, date_created) VALUES (32347, 621901, 97, 129, '2018-05-18 13:25:20.125193');
INSERT INTO public.stream (id, log_time, egv, log_id, date_created) VALUES (32348, 622201, 109, 129, '2018-05-18 13:25:20.125951');
INSERT INTO public.stream (id, log_time, egv, log_id, date_created) VALUES (32349, 622501, 121, 129, '2018-05-18 13:25:20.12666');
INSERT INTO public.stream (id, log_time, egv, log_id, date_created) VALUES (32350, 622801, 132, 129, '2018-05-18 13:25:20.127206');
INSERT INTO public.stream (id, log_time, egv, log_id, date_created) VALUES (32351, 623101, 144, 129, '2018-05-18 13:25:20.127918');
INSERT INTO public.stream (id, log_time, egv, log_id, date_created) VALUES (32352, 623401, 155, 129, '2018-05-18 13:25:20.128676');
INSERT INTO public.stream (id, log_time, egv, log_id, date_created) VALUES (32353, 623701, 165, 129, '2018-05-18 13:25:20.129381');
INSERT INTO public.stream (id, log_time, egv, log_id, date_created) VALUES (32354, 624001, 173, 129, '2018-05-18 13:25:20.130161');
INSERT INTO public.stream (id, log_time, egv, log_id, date_created) VALUES (32355, 624301, 181, 129, '2018-05-18 13:25:20.130839');
INSERT INTO public.stream (id, log_time, egv, log_id, date_created) VALUES (32356, 624601, 186, 129, '2018-05-18 13:25:20.131669');
INSERT INTO public.stream (id, log_time, egv, log_id, date_created) VALUES (32357, 624901, 189, 129, '2018-05-18 13:25:20.132384');
INSERT INTO public.stream (id, log_time, egv, log_id, date_created) VALUES (32358, 625201, 191, 129, '2018-05-18 13:25:20.132955');
INSERT INTO public.stream (id, log_time, egv, log_id, date_created) VALUES (32359, 625501, 190, 129, '2018-05-18 13:25:20.133601');
INSERT INTO public.stream (id, log_time, egv, log_id, date_created) VALUES (32360, 625801, 188, 129, '2018-05-18 13:25:20.134047');
INSERT INTO public.stream (id, log_time, egv, log_id, date_created) VALUES (32361, 626101, 183, 129, '2018-05-18 13:25:20.134651');
INSERT INTO public.stream (id, log_time, egv, log_id, date_created) VALUES (32362, 626401, 177, 129, '2018-05-18 13:25:20.135312');
INSERT INTO public.stream (id, log_time, egv, log_id, date_created) VALUES (32363, 626701, 169, 129, '2018-05-18 13:25:20.135943');
INSERT INTO public.stream (id, log_time, egv, log_id, date_created) VALUES (32364, 627001, 159, 129, '2018-05-18 13:25:20.136556');
INSERT INTO public.stream (id, log_time, egv, log_id, date_created) VALUES (32365, 627301, 149, 129, '2018-05-18 13:25:20.137093');
INSERT INTO public.stream (id, log_time, egv, log_id, date_created) VALUES (32366, 627601, 137, 129, '2018-05-18 13:25:20.137661');
INSERT INTO public.stream (id, log_time, egv, log_id, date_created) VALUES (32367, 627901, 125, 129, '2018-05-18 13:25:20.138153');
INSERT INTO public.stream (id, log_time, egv, log_id, date_created) VALUES (32368, 628201, 114, 129, '2018-05-18 13:25:20.138845');
INSERT INTO public.stream (id, log_time, egv, log_id, date_created) VALUES (32369, 628501, 102, 129, '2018-05-18 13:25:20.139612');
INSERT INTO public.stream (id, log_time, egv, log_id, date_created) VALUES (32370, 628801, 91, 129, '2018-05-18 13:25:20.140102');
INSERT INTO public.stream (id, log_time, egv, log_id, date_created) VALUES (32371, 629101, 81, 129, '2018-05-18 13:25:20.140621');
INSERT INTO public.stream (id, log_time, egv, log_id, date_created) VALUES (32372, 629401, 73, 129, '2018-05-18 13:25:20.141191');
INSERT INTO public.stream (id, log_time, egv, log_id, date_created) VALUES (32373, 629701, 65, 129, '2018-05-18 13:25:20.141797');
INSERT INTO public.stream (id, log_time, egv, log_id, date_created) VALUES (32374, 630001, 60, 129, '2018-05-18 13:25:20.142341');
INSERT INTO public.stream (id, log_time, egv, log_id, date_created) VALUES (32375, 630301, 57, 129, '2018-05-18 13:25:20.142892');
INSERT INTO public.stream (id, log_time, egv, log_id, date_created) VALUES (32376, 630601, 55, 129, '2018-05-18 13:25:20.143706');
INSERT INTO public.stream (id, log_time, egv, log_id, date_created) VALUES (32377, 630901, 56, 129, '2018-05-18 13:25:20.144337');
INSERT INTO public.stream (id, log_time, egv, log_id, date_created) VALUES (32378, 631201, 58, 129, '2018-05-18 13:25:20.14497');
INSERT INTO public.stream (id, log_time, egv, log_id, date_created) VALUES (32379, 631501, 63, 129, '2018-05-18 13:25:20.14557');
INSERT INTO public.stream (id, log_time, egv, log_id, date_created) VALUES (32380, 631801, 69, 129, '2018-05-18 13:25:20.146156');
INSERT INTO public.stream (id, log_time, egv, log_id, date_created) VALUES (32381, 632101, 77, 129, '2018-05-18 13:25:20.146805');
INSERT INTO public.stream (id, log_time, egv, log_id, date_created) VALUES (32382, 632401, 87, 129, '2018-05-18 13:25:20.147502');
INSERT INTO public.stream (id, log_time, egv, log_id, date_created) VALUES (32383, 632701, 97, 129, '2018-05-18 13:25:20.148147');
INSERT INTO public.stream (id, log_time, egv, log_id, date_created) VALUES (32384, 633001, 109, 129, '2018-05-18 13:25:20.148757');
INSERT INTO public.stream (id, log_time, egv, log_id, date_created) VALUES (32385, 633301, 121, 129, '2018-05-18 13:25:20.149273');
INSERT INTO public.stream (id, log_time, egv, log_id, date_created) VALUES (32386, 633601, 132, 129, '2018-05-18 13:25:20.149711');
INSERT INTO public.stream (id, log_time, egv, log_id, date_created) VALUES (32387, 633901, 144, 129, '2018-05-18 13:25:20.15042');
INSERT INTO public.stream (id, log_time, egv, log_id, date_created) VALUES (32388, 634201, 155, 129, '2018-05-18 13:25:20.15086');
INSERT INTO public.stream (id, log_time, egv, log_id, date_created) VALUES (32389, 634501, 165, 129, '2018-05-18 13:25:20.151416');
INSERT INTO public.stream (id, log_time, egv, log_id, date_created) VALUES (32390, 634801, 173, 129, '2018-05-18 13:25:20.151937');
INSERT INTO public.stream (id, log_time, egv, log_id, date_created) VALUES (32391, 635101, 181, 129, '2018-05-18 13:25:20.15246');
INSERT INTO public.stream (id, log_time, egv, log_id, date_created) VALUES (32392, 635401, 186, 129, '2018-05-18 13:25:20.152982');
INSERT INTO public.stream (id, log_time, egv, log_id, date_created) VALUES (32393, 635701, 189, 129, '2018-05-18 13:25:20.153534');
INSERT INTO public.stream (id, log_time, egv, log_id, date_created) VALUES (32394, 636001, 191, 129, '2018-05-18 13:25:20.154097');
INSERT INTO public.stream (id, log_time, egv, log_id, date_created) VALUES (32395, 636301, 190, 129, '2018-05-18 13:25:20.154571');
INSERT INTO public.stream (id, log_time, egv, log_id, date_created) VALUES (32396, 636601, 188, 129, '2018-05-18 13:25:20.155023');
INSERT INTO public.stream (id, log_time, egv, log_id, date_created) VALUES (32397, 636901, 183, 129, '2018-05-18 13:25:20.155529');
INSERT INTO public.stream (id, log_time, egv, log_id, date_created) VALUES (32398, 637201, 177, 129, '2018-05-18 13:25:20.156064');
INSERT INTO public.stream (id, log_time, egv, log_id, date_created) VALUES (32399, 637501, 169, 129, '2018-05-18 13:25:20.156687');
INSERT INTO public.stream (id, log_time, egv, log_id, date_created) VALUES (32400, 637801, 159, 129, '2018-05-18 13:25:20.157267');
INSERT INTO public.stream (id, log_time, egv, log_id, date_created) VALUES (32401, 638101, 148, 129, '2018-05-18 13:25:20.157931');
INSERT INTO public.stream (id, log_time, egv, log_id, date_created) VALUES (32402, 638401, 137, 129, '2018-05-18 13:25:20.15841');
INSERT INTO public.stream (id, log_time, egv, log_id, date_created) VALUES (32403, 638701, 125, 129, '2018-05-18 13:25:20.158948');
INSERT INTO public.stream (id, log_time, egv, log_id, date_created) VALUES (32404, 639001, 114, 129, '2018-05-18 13:25:20.159502');
INSERT INTO public.stream (id, log_time, egv, log_id, date_created) VALUES (32405, 639301, 102, 129, '2018-05-18 13:25:20.160248');
INSERT INTO public.stream (id, log_time, egv, log_id, date_created) VALUES (32406, 639601, 91, 129, '2018-05-18 13:25:20.160847');
INSERT INTO public.stream (id, log_time, egv, log_id, date_created) VALUES (32407, 639901, 81, 129, '2018-05-18 13:25:20.161389');
INSERT INTO public.stream (id, log_time, egv, log_id, date_created) VALUES (32408, 640201, 73, 129, '2018-05-18 13:25:20.161935');
INSERT INTO public.stream (id, log_time, egv, log_id, date_created) VALUES (32409, 640501, 65, 129, '2018-05-18 13:25:20.162484');
INSERT INTO public.stream (id, log_time, egv, log_id, date_created) VALUES (32410, 640801, 60, 129, '2018-05-18 13:25:20.163182');
INSERT INTO public.stream (id, log_time, egv, log_id, date_created) VALUES (32411, 641101, 57, 129, '2018-05-18 13:25:20.163925');
INSERT INTO public.stream (id, log_time, egv, log_id, date_created) VALUES (32412, 641401, 55, 129, '2018-05-18 13:25:20.164648');
INSERT INTO public.stream (id, log_time, egv, log_id, date_created) VALUES (32413, 641701, 56, 129, '2018-05-18 13:25:20.165231');
INSERT INTO public.stream (id, log_time, egv, log_id, date_created) VALUES (32414, 642001, 58, 129, '2018-05-18 13:25:20.165766');
INSERT INTO public.stream (id, log_time, egv, log_id, date_created) VALUES (32415, 642301, 63, 129, '2018-05-18 13:25:20.16632');
INSERT INTO public.stream (id, log_time, egv, log_id, date_created) VALUES (32416, 642601, 69, 129, '2018-05-18 13:25:20.166886');
INSERT INTO public.stream (id, log_time, egv, log_id, date_created) VALUES (32417, 642901, 77, 129, '2018-05-18 13:25:20.167447');
INSERT INTO public.stream (id, log_time, egv, log_id, date_created) VALUES (32418, 643201, 87, 129, '2018-05-18 13:25:20.167968');
INSERT INTO public.stream (id, log_time, egv, log_id, date_created) VALUES (32419, 643501, 97, 129, '2018-05-18 13:25:20.168701');
INSERT INTO public.stream (id, log_time, egv, log_id, date_created) VALUES (32420, 643801, 109, 129, '2018-05-18 13:25:20.169404');
INSERT INTO public.stream (id, log_time, egv, log_id, date_created) VALUES (32421, 644101, 121, 129, '2018-05-18 13:25:20.170113');
INSERT INTO public.stream (id, log_time, egv, log_id, date_created) VALUES (32422, 644401, 132, 129, '2018-05-18 13:25:20.170606');
INSERT INTO public.stream (id, log_time, egv, log_id, date_created) VALUES (32423, 644701, 144, 129, '2018-05-18 13:25:20.171167');
INSERT INTO public.stream (id, log_time, egv, log_id, date_created) VALUES (32424, 645001, 155, 129, '2018-05-18 13:25:20.1716');
INSERT INTO public.stream (id, log_time, egv, log_id, date_created) VALUES (32425, 645301, 165, 129, '2018-05-18 13:25:20.172074');
INSERT INTO public.stream (id, log_time, egv, log_id, date_created) VALUES (32426, 645601, 173, 129, '2018-05-18 13:25:20.172557');
INSERT INTO public.stream (id, log_time, egv, log_id, date_created) VALUES (32427, 645901, 181, 129, '2018-05-18 13:25:20.173059');
INSERT INTO public.stream (id, log_time, egv, log_id, date_created) VALUES (32428, 646201, 186, 129, '2018-05-18 13:25:20.173563');
INSERT INTO public.stream (id, log_time, egv, log_id, date_created) VALUES (32429, 646501, 189, 129, '2018-05-18 13:25:20.174085');
INSERT INTO public.stream (id, log_time, egv, log_id, date_created) VALUES (32430, 646801, 191, 129, '2018-05-18 13:25:20.174581');
INSERT INTO public.stream (id, log_time, egv, log_id, date_created) VALUES (32431, 647101, 190, 129, '2018-05-18 13:25:20.175182');
INSERT INTO public.stream (id, log_time, egv, log_id, date_created) VALUES (32432, 647401, 188, 129, '2018-05-18 13:25:20.175712');
INSERT INTO public.stream (id, log_time, egv, log_id, date_created) VALUES (32433, 647701, 183, 129, '2018-05-18 13:25:20.176209');
INSERT INTO public.stream (id, log_time, egv, log_id, date_created) VALUES (32434, 648001, 177, 129, '2018-05-18 13:25:20.176672');
INSERT INTO public.stream (id, log_time, egv, log_id, date_created) VALUES (32435, 648301, 168, 129, '2018-05-18 13:25:20.177196');
INSERT INTO public.stream (id, log_time, egv, log_id, date_created) VALUES (32436, 648601, 159, 129, '2018-05-18 13:25:20.177695');
INSERT INTO public.stream (id, log_time, egv, log_id, date_created) VALUES (32437, 648901, 148, 129, '2018-05-18 13:25:20.178131');
INSERT INTO public.stream (id, log_time, egv, log_id, date_created) VALUES (32438, 649201, 137, 129, '2018-05-18 13:25:20.178621');
INSERT INTO public.stream (id, log_time, egv, log_id, date_created) VALUES (32439, 649501, 125, 129, '2018-05-18 13:25:20.179196');
INSERT INTO public.stream (id, log_time, egv, log_id, date_created) VALUES (32440, 649801, 114, 129, '2018-05-18 13:25:20.179817');
INSERT INTO public.stream (id, log_time, egv, log_id, date_created) VALUES (32441, 650101, 102, 129, '2018-05-18 13:25:20.180507');
INSERT INTO public.stream (id, log_time, egv, log_id, date_created) VALUES (32442, 650401, 91, 129, '2018-05-18 13:25:20.18118');
INSERT INTO public.stream (id, log_time, egv, log_id, date_created) VALUES (32443, 650701, 81, 129, '2018-05-18 13:25:20.18186');
INSERT INTO public.stream (id, log_time, egv, log_id, date_created) VALUES (32444, 651001, 72, 129, '2018-05-18 13:25:20.182311');
INSERT INTO public.stream (id, log_time, egv, log_id, date_created) VALUES (32445, 651301, 65, 129, '2018-05-18 13:25:20.182905');
INSERT INTO public.stream (id, log_time, egv, log_id, date_created) VALUES (32446, 651601, 60, 129, '2018-05-18 13:25:20.18366');
INSERT INTO public.stream (id, log_time, egv, log_id, date_created) VALUES (32447, 651901, 56, 129, '2018-05-18 13:25:20.184337');
INSERT INTO public.stream (id, log_time, egv, log_id, date_created) VALUES (32448, 652201, 55, 129, '2018-05-18 13:25:20.184952');
INSERT INTO public.stream (id, log_time, egv, log_id, date_created) VALUES (32449, 652501, 56, 129, '2018-05-18 13:25:20.185695');
INSERT INTO public.stream (id, log_time, egv, log_id, date_created) VALUES (32450, 652801, 58, 129, '2018-05-18 13:25:20.186279');
INSERT INTO public.stream (id, log_time, egv, log_id, date_created) VALUES (32451, 653101, 63, 129, '2018-05-18 13:25:20.186797');
INSERT INTO public.stream (id, log_time, egv, log_id, date_created) VALUES (32452, 653401, 69, 129, '2018-05-18 13:25:20.187288');
INSERT INTO public.stream (id, log_time, egv, log_id, date_created) VALUES (32453, 653701, 77, 129, '2018-05-18 13:25:20.188');
INSERT INTO public.stream (id, log_time, egv, log_id, date_created) VALUES (32454, 654001, 87, 129, '2018-05-18 13:25:20.188597');
INSERT INTO public.stream (id, log_time, egv, log_id, date_created) VALUES (32455, 654301, 97, 129, '2018-05-18 13:25:20.190785');
INSERT INTO public.stream (id, log_time, egv, log_id, date_created) VALUES (32456, 654601, 109, 129, '2018-05-18 13:25:20.191493');
INSERT INTO public.stream (id, log_time, egv, log_id, date_created) VALUES (32457, 654901, 121, 129, '2018-05-18 13:25:20.191981');
INSERT INTO public.stream (id, log_time, egv, log_id, date_created) VALUES (32458, 655201, 132, 129, '2018-05-18 13:25:20.19252');
INSERT INTO public.stream (id, log_time, egv, log_id, date_created) VALUES (32459, 655501, 144, 129, '2018-05-18 13:25:20.193123');
INSERT INTO public.stream (id, log_time, egv, log_id, date_created) VALUES (32460, 655801, 155, 129, '2018-05-18 13:25:20.193664');
INSERT INTO public.stream (id, log_time, egv, log_id, date_created) VALUES (32461, 656101, 165, 129, '2018-05-18 13:25:20.194438');
INSERT INTO public.stream (id, log_time, egv, log_id, date_created) VALUES (32462, 656401, 173, 129, '2018-05-18 13:25:20.194943');
INSERT INTO public.stream (id, log_time, egv, log_id, date_created) VALUES (32463, 656701, 181, 129, '2018-05-18 13:25:20.195547');
INSERT INTO public.stream (id, log_time, egv, log_id, date_created) VALUES (32464, 657001, 186, 129, '2018-05-18 13:25:20.19615');
INSERT INTO public.stream (id, log_time, egv, log_id, date_created) VALUES (32465, 657301, 189, 129, '2018-05-18 13:25:20.196646');
INSERT INTO public.stream (id, log_time, egv, log_id, date_created) VALUES (32466, 657601, 191, 129, '2018-05-18 13:25:20.197289');
INSERT INTO public.stream (id, log_time, egv, log_id, date_created) VALUES (32467, 657901, 190, 129, '2018-05-18 13:25:20.197882');
INSERT INTO public.stream (id, log_time, egv, log_id, date_created) VALUES (32468, 658201, 188, 129, '2018-05-18 13:25:20.198505');
INSERT INTO public.stream (id, log_time, egv, log_id, date_created) VALUES (32469, 658501, 183, 129, '2018-05-18 13:25:20.199063');
INSERT INTO public.stream (id, log_time, egv, log_id, date_created) VALUES (32470, 658801, 177, 129, '2018-05-18 13:25:20.1996');
INSERT INTO public.stream (id, log_time, egv, log_id, date_created) VALUES (32471, 659101, 168, 129, '2018-05-18 13:25:20.200149');
INSERT INTO public.stream (id, log_time, egv, log_id, date_created) VALUES (32472, 659401, 159, 129, '2018-05-18 13:25:20.200601');
INSERT INTO public.stream (id, log_time, egv, log_id, date_created) VALUES (32473, 659701, 148, 129, '2018-05-18 13:25:20.201131');
INSERT INTO public.stream (id, log_time, egv, log_id, date_created) VALUES (32474, 660001, 137, 129, '2018-05-18 13:25:20.201695');
INSERT INTO public.stream (id, log_time, egv, log_id, date_created) VALUES (32475, 660301, 125, 129, '2018-05-18 13:25:20.202462');
INSERT INTO public.stream (id, log_time, egv, log_id, date_created) VALUES (32476, 660601, 114, 129, '2018-05-18 13:25:20.203003');
INSERT INTO public.stream (id, log_time, egv, log_id, date_created) VALUES (32477, 660901, 102, 129, '2018-05-18 13:25:20.203734');
INSERT INTO public.stream (id, log_time, egv, log_id, date_created) VALUES (32478, 661201, 91, 129, '2018-05-18 13:25:20.204414');
INSERT INTO public.stream (id, log_time, egv, log_id, date_created) VALUES (32479, 661501, 81, 129, '2018-05-18 13:25:20.204898');
INSERT INTO public.stream (id, log_time, egv, log_id, date_created) VALUES (32480, 661801, 72, 129, '2018-05-18 13:25:20.20548');
INSERT INTO public.stream (id, log_time, egv, log_id, date_created) VALUES (32481, 662101, 65, 129, '2018-05-18 13:25:20.206117');
INSERT INTO public.stream (id, log_time, egv, log_id, date_created) VALUES (32482, 662401, 60, 129, '2018-05-18 13:25:20.206757');
INSERT INTO public.stream (id, log_time, egv, log_id, date_created) VALUES (32483, 662701, 56, 129, '2018-05-18 13:25:20.207278');
INSERT INTO public.stream (id, log_time, egv, log_id, date_created) VALUES (32484, 663001, 55, 129, '2018-05-18 13:25:20.207907');
INSERT INTO public.stream (id, log_time, egv, log_id, date_created) VALUES (32485, 663301, 56, 129, '2018-05-18 13:25:20.208474');
INSERT INTO public.stream (id, log_time, egv, log_id, date_created) VALUES (32486, 663601, 58, 129, '2018-05-18 13:25:20.208961');
INSERT INTO public.stream (id, log_time, egv, log_id, date_created) VALUES (32487, 663901, 63, 129, '2018-05-18 13:25:20.209643');
INSERT INTO public.stream (id, log_time, egv, log_id, date_created) VALUES (32488, 664201, 69, 129, '2018-05-18 13:25:20.21018');
INSERT INTO public.stream (id, log_time, egv, log_id, date_created) VALUES (32489, 664501, 77, 129, '2018-05-18 13:25:20.210738');
INSERT INTO public.stream (id, log_time, egv, log_id, date_created) VALUES (32490, 664801, 87, 129, '2018-05-18 13:25:20.21144');
INSERT INTO public.stream (id, log_time, egv, log_id, date_created) VALUES (32491, 665101, 97, 129, '2018-05-18 13:25:20.212259');
INSERT INTO public.stream (id, log_time, egv, log_id, date_created) VALUES (32492, 665401, 109, 129, '2018-05-18 13:25:20.212938');
INSERT INTO public.stream (id, log_time, egv, log_id, date_created) VALUES (32493, 665701, 120, 129, '2018-05-18 13:25:20.213405');
INSERT INTO public.stream (id, log_time, egv, log_id, date_created) VALUES (32494, 666001, 132, 129, '2018-05-18 13:25:20.213932');
INSERT INTO public.stream (id, log_time, egv, log_id, date_created) VALUES (32495, 666301, 144, 129, '2018-05-18 13:25:20.214645');
INSERT INTO public.stream (id, log_time, egv, log_id, date_created) VALUES (32496, 666601, 155, 129, '2018-05-18 13:25:20.215306');
INSERT INTO public.stream (id, log_time, egv, log_id, date_created) VALUES (32497, 666901, 165, 129, '2018-05-18 13:25:20.215839');
INSERT INTO public.stream (id, log_time, egv, log_id, date_created) VALUES (32498, 667201, 173, 129, '2018-05-18 13:25:20.216398');
INSERT INTO public.stream (id, log_time, egv, log_id, date_created) VALUES (32499, 667501, 180, 129, '2018-05-18 13:25:20.216853');
INSERT INTO public.stream (id, log_time, egv, log_id, date_created) VALUES (32500, 667801, 186, 129, '2018-05-18 13:25:20.217297');
INSERT INTO public.stream (id, log_time, egv, log_id, date_created) VALUES (32501, 668101, 189, 129, '2018-05-18 13:25:20.217764');
INSERT INTO public.stream (id, log_time, egv, log_id, date_created) VALUES (32502, 668401, 191, 129, '2018-05-18 13:25:20.218256');
INSERT INTO public.stream (id, log_time, egv, log_id, date_created) VALUES (32503, 668701, 190, 129, '2018-05-18 13:25:20.21873');
INSERT INTO public.stream (id, log_time, egv, log_id, date_created) VALUES (32504, 669001, 188, 129, '2018-05-18 13:25:20.219193');
INSERT INTO public.stream (id, log_time, egv, log_id, date_created) VALUES (32505, 669301, 183, 129, '2018-05-18 13:25:20.219671');
INSERT INTO public.stream (id, log_time, egv, log_id, date_created) VALUES (32506, 669601, 176, 129, '2018-05-18 13:25:20.22022');
INSERT INTO public.stream (id, log_time, egv, log_id, date_created) VALUES (32507, 669901, 168, 129, '2018-05-18 13:25:20.220656');
INSERT INTO public.stream (id, log_time, egv, log_id, date_created) VALUES (32508, 670201, 159, 129, '2018-05-18 13:25:20.221132');
INSERT INTO public.stream (id, log_time, egv, log_id, date_created) VALUES (32509, 670501, 148, 129, '2018-05-18 13:25:20.221625');
INSERT INTO public.stream (id, log_time, egv, log_id, date_created) VALUES (32510, 670801, 137, 129, '2018-05-18 13:25:20.222106');
INSERT INTO public.stream (id, log_time, egv, log_id, date_created) VALUES (32511, 671101, 125, 129, '2018-05-18 13:25:20.222588');
INSERT INTO public.stream (id, log_time, egv, log_id, date_created) VALUES (32512, 671401, 114, 129, '2018-05-18 13:25:20.223179');
INSERT INTO public.stream (id, log_time, egv, log_id, date_created) VALUES (32513, 671701, 102, 129, '2018-05-18 13:25:20.223884');
INSERT INTO public.stream (id, log_time, egv, log_id, date_created) VALUES (32514, 672001, 91, 129, '2018-05-18 13:25:20.224356');
INSERT INTO public.stream (id, log_time, egv, log_id, date_created) VALUES (32515, 672301, 81, 129, '2018-05-18 13:25:20.224912');
INSERT INTO public.stream (id, log_time, egv, log_id, date_created) VALUES (32516, 672601, 72, 129, '2018-05-18 13:25:20.225546');
INSERT INTO public.stream (id, log_time, egv, log_id, date_created) VALUES (32517, 672901, 65, 129, '2018-05-18 13:25:20.226044');
INSERT INTO public.stream (id, log_time, egv, log_id, date_created) VALUES (32518, 673201, 60, 129, '2018-05-18 13:25:20.226562');
INSERT INTO public.stream (id, log_time, egv, log_id, date_created) VALUES (32519, 673501, 56, 129, '2018-05-18 13:25:20.227151');
INSERT INTO public.stream (id, log_time, egv, log_id, date_created) VALUES (32520, 673801, 55, 129, '2018-05-18 13:25:20.227841');
INSERT INTO public.stream (id, log_time, egv, log_id, date_created) VALUES (32521, 674101, 56, 129, '2018-05-18 13:25:20.228493');
INSERT INTO public.stream (id, log_time, egv, log_id, date_created) VALUES (32522, 674401, 58, 129, '2018-05-18 13:25:20.229311');
INSERT INTO public.stream (id, log_time, egv, log_id, date_created) VALUES (32523, 674701, 63, 129, '2018-05-18 13:25:20.229821');
INSERT INTO public.stream (id, log_time, egv, log_id, date_created) VALUES (32524, 675001, 69, 129, '2018-05-18 13:25:20.230302');
INSERT INTO public.stream (id, log_time, egv, log_id, date_created) VALUES (32525, 675301, 77, 129, '2018-05-18 13:25:20.230784');
INSERT INTO public.stream (id, log_time, egv, log_id, date_created) VALUES (32526, 675601, 87, 129, '2018-05-18 13:25:20.231372');
INSERT INTO public.stream (id, log_time, egv, log_id, date_created) VALUES (32527, 675901, 97, 129, '2018-05-18 13:25:20.231976');
INSERT INTO public.stream (id, log_time, egv, log_id, date_created) VALUES (32528, 676201, 109, 129, '2018-05-18 13:25:20.232459');
INSERT INTO public.stream (id, log_time, egv, log_id, date_created) VALUES (32529, 676501, 120, 129, '2018-05-18 13:25:20.233022');
INSERT INTO public.stream (id, log_time, egv, log_id, date_created) VALUES (32530, 676801, 132, 129, '2018-05-18 13:25:20.233613');
INSERT INTO public.stream (id, log_time, egv, log_id, date_created) VALUES (32531, 677101, 144, 129, '2018-05-18 13:25:20.234265');
INSERT INTO public.stream (id, log_time, egv, log_id, date_created) VALUES (32532, 677401, 155, 129, '2018-05-18 13:25:20.235201');
INSERT INTO public.stream (id, log_time, egv, log_id, date_created) VALUES (32533, 677701, 165, 129, '2018-05-18 13:25:20.235898');
INSERT INTO public.stream (id, log_time, egv, log_id, date_created) VALUES (32534, 678001, 173, 129, '2018-05-18 13:25:20.236866');
INSERT INTO public.stream (id, log_time, egv, log_id, date_created) VALUES (32535, 678301, 180, 129, '2018-05-18 13:25:20.237427');
INSERT INTO public.stream (id, log_time, egv, log_id, date_created) VALUES (32536, 678601, 186, 129, '2018-05-18 13:25:20.23809');
INSERT INTO public.stream (id, log_time, egv, log_id, date_created) VALUES (32537, 678901, 189, 129, '2018-05-18 13:25:20.238638');
INSERT INTO public.stream (id, log_time, egv, log_id, date_created) VALUES (32538, 679201, 191, 129, '2018-05-18 13:25:20.239239');
INSERT INTO public.stream (id, log_time, egv, log_id, date_created) VALUES (32539, 679501, 190, 129, '2018-05-18 13:25:20.239961');
INSERT INTO public.stream (id, log_time, egv, log_id, date_created) VALUES (32540, 679801, 188, 129, '2018-05-18 13:25:20.240614');
INSERT INTO public.stream (id, log_time, egv, log_id, date_created) VALUES (32541, 680101, 183, 129, '2018-05-18 13:25:20.241155');
INSERT INTO public.stream (id, log_time, egv, log_id, date_created) VALUES (32542, 680401, 176, 129, '2018-05-18 13:25:20.24161');
INSERT INTO public.stream (id, log_time, egv, log_id, date_created) VALUES (32543, 680701, 168, 129, '2018-05-18 13:25:20.242191');
INSERT INTO public.stream (id, log_time, egv, log_id, date_created) VALUES (32544, 681001, 159, 129, '2018-05-18 13:25:20.242743');
INSERT INTO public.stream (id, log_time, egv, log_id, date_created) VALUES (32545, 681301, 148, 129, '2018-05-18 13:25:20.243451');
INSERT INTO public.stream (id, log_time, egv, log_id, date_created) VALUES (32546, 681601, 137, 129, '2018-05-18 13:25:20.243913');
INSERT INTO public.stream (id, log_time, egv, log_id, date_created) VALUES (32547, 681901, 125, 129, '2018-05-18 13:25:20.244362');
INSERT INTO public.stream (id, log_time, egv, log_id, date_created) VALUES (32548, 682201, 114, 129, '2018-05-18 13:25:20.244841');
INSERT INTO public.stream (id, log_time, egv, log_id, date_created) VALUES (32549, 682501, 102, 129, '2018-05-18 13:25:20.245279');
INSERT INTO public.stream (id, log_time, egv, log_id, date_created) VALUES (32550, 682801, 91, 129, '2018-05-18 13:25:20.245708');
INSERT INTO public.stream (id, log_time, egv, log_id, date_created) VALUES (32551, 683101, 81, 129, '2018-05-18 13:25:20.246299');
INSERT INTO public.stream (id, log_time, egv, log_id, date_created) VALUES (32552, 683401, 72, 129, '2018-05-18 13:25:20.247154');
INSERT INTO public.stream (id, log_time, egv, log_id, date_created) VALUES (32553, 683701, 65, 129, '2018-05-18 13:25:20.24789');
INSERT INTO public.stream (id, log_time, egv, log_id, date_created) VALUES (32554, 684001, 60, 129, '2018-05-18 13:25:20.248357');
INSERT INTO public.stream (id, log_time, egv, log_id, date_created) VALUES (32555, 684301, 56, 129, '2018-05-18 13:25:20.248976');
INSERT INTO public.stream (id, log_time, egv, log_id, date_created) VALUES (32556, 684601, 55, 129, '2018-05-18 13:25:20.249507');
INSERT INTO public.stream (id, log_time, egv, log_id, date_created) VALUES (32557, 684901, 56, 129, '2018-05-18 13:25:20.250285');
INSERT INTO public.stream (id, log_time, egv, log_id, date_created) VALUES (32558, 685201, 58, 129, '2018-05-18 13:25:20.250945');
INSERT INTO public.stream (id, log_time, egv, log_id, date_created) VALUES (32559, 685501, 63, 129, '2018-05-18 13:25:20.251563');
INSERT INTO public.stream (id, log_time, egv, log_id, date_created) VALUES (32560, 685801, 69, 129, '2018-05-18 13:25:20.252049');
INSERT INTO public.stream (id, log_time, egv, log_id, date_created) VALUES (32561, 686101, 77, 129, '2018-05-18 13:25:20.25269');
INSERT INTO public.stream (id, log_time, egv, log_id, date_created) VALUES (32562, 686401, 87, 129, '2018-05-18 13:25:20.253346');
INSERT INTO public.stream (id, log_time, egv, log_id, date_created) VALUES (32563, 686701, 97, 129, '2018-05-18 13:25:20.253779');
INSERT INTO public.stream (id, log_time, egv, log_id, date_created) VALUES (32564, 687001, 109, 129, '2018-05-18 13:25:20.254421');
INSERT INTO public.stream (id, log_time, egv, log_id, date_created) VALUES (32565, 687301, 120, 129, '2018-05-18 13:25:20.254906');
INSERT INTO public.stream (id, log_time, egv, log_id, date_created) VALUES (32566, 687601, 132, 129, '2018-05-18 13:25:20.25557');
INSERT INTO public.stream (id, log_time, egv, log_id, date_created) VALUES (32567, 687901, 144, 129, '2018-05-18 13:25:20.256091');
INSERT INTO public.stream (id, log_time, egv, log_id, date_created) VALUES (32568, 688201, 155, 129, '2018-05-18 13:25:20.256546');
INSERT INTO public.stream (id, log_time, egv, log_id, date_created) VALUES (32058, 866659, 1, 127, '2018-05-18 13:22:46.733768');
INSERT INTO public.stream (id, log_time, egv, log_id, date_created) VALUES (32059, 616801, 137, 127, '2018-05-18 13:22:46.737132');
INSERT INTO public.stream (id, log_time, egv, log_id, date_created) VALUES (32060, 617101, 125, 127, '2018-05-18 13:22:46.739944');
INSERT INTO public.stream (id, log_time, egv, log_id, date_created) VALUES (32061, 617401, 114, 127, '2018-05-18 13:22:46.741607');
INSERT INTO public.stream (id, log_time, egv, log_id, date_created) VALUES (32062, 617701, 102, 127, '2018-05-18 13:22:46.742744');
INSERT INTO public.stream (id, log_time, egv, log_id, date_created) VALUES (32063, 618001, 91, 127, '2018-05-18 13:22:46.744108');
INSERT INTO public.stream (id, log_time, egv, log_id, date_created) VALUES (32064, 618301, 81, 127, '2018-05-18 13:22:46.745402');
INSERT INTO public.stream (id, log_time, egv, log_id, date_created) VALUES (32065, 618601, 73, 127, '2018-05-18 13:22:46.748899');
INSERT INTO public.stream (id, log_time, egv, log_id, date_created) VALUES (32066, 618901, 65, 127, '2018-05-18 13:22:46.750225');
INSERT INTO public.stream (id, log_time, egv, log_id, date_created) VALUES (32067, 619201, 60, 127, '2018-05-18 13:22:46.751468');
INSERT INTO public.stream (id, log_time, egv, log_id, date_created) VALUES (32068, 619501, 57, 127, '2018-05-18 13:22:46.752282');
INSERT INTO public.stream (id, log_time, egv, log_id, date_created) VALUES (32069, 619801, 55, 127, '2018-05-18 13:22:46.753308');
INSERT INTO public.stream (id, log_time, egv, log_id, date_created) VALUES (32070, 620101, 56, 127, '2018-05-18 13:22:46.754018');
INSERT INTO public.stream (id, log_time, egv, log_id, date_created) VALUES (32071, 620401, 58, 127, '2018-05-18 13:22:46.754769');
INSERT INTO public.stream (id, log_time, egv, log_id, date_created) VALUES (32072, 620701, 63, 127, '2018-05-18 13:22:46.756096');
INSERT INTO public.stream (id, log_time, egv, log_id, date_created) VALUES (32073, 621001, 69, 127, '2018-05-18 13:22:46.756894');
INSERT INTO public.stream (id, log_time, egv, log_id, date_created) VALUES (32074, 621301, 77, 127, '2018-05-18 13:22:46.757591');
INSERT INTO public.stream (id, log_time, egv, log_id, date_created) VALUES (32075, 621601, 87, 127, '2018-05-18 13:22:46.758298');
INSERT INTO public.stream (id, log_time, egv, log_id, date_created) VALUES (32076, 621901, 97, 127, '2018-05-18 13:22:46.759032');
INSERT INTO public.stream (id, log_time, egv, log_id, date_created) VALUES (32077, 622201, 109, 127, '2018-05-18 13:22:46.759875');
INSERT INTO public.stream (id, log_time, egv, log_id, date_created) VALUES (32078, 622501, 121, 127, '2018-05-18 13:22:46.760816');
INSERT INTO public.stream (id, log_time, egv, log_id, date_created) VALUES (32079, 622801, 132, 127, '2018-05-18 13:22:46.761831');
INSERT INTO public.stream (id, log_time, egv, log_id, date_created) VALUES (32080, 623101, 144, 127, '2018-05-18 13:22:46.76249');
INSERT INTO public.stream (id, log_time, egv, log_id, date_created) VALUES (32081, 623401, 155, 127, '2018-05-18 13:22:46.763138');
INSERT INTO public.stream (id, log_time, egv, log_id, date_created) VALUES (32082, 623701, 165, 127, '2018-05-18 13:22:46.763645');
INSERT INTO public.stream (id, log_time, egv, log_id, date_created) VALUES (32083, 624001, 173, 127, '2018-05-18 13:22:46.764143');
INSERT INTO public.stream (id, log_time, egv, log_id, date_created) VALUES (32084, 624301, 181, 127, '2018-05-18 13:22:46.764612');
INSERT INTO public.stream (id, log_time, egv, log_id, date_created) VALUES (32085, 624601, 186, 127, '2018-05-18 13:22:46.765294');
INSERT INTO public.stream (id, log_time, egv, log_id, date_created) VALUES (32086, 624901, 189, 127, '2018-05-18 13:22:46.766088');
INSERT INTO public.stream (id, log_time, egv, log_id, date_created) VALUES (32087, 625201, 191, 127, '2018-05-18 13:22:46.766591');
INSERT INTO public.stream (id, log_time, egv, log_id, date_created) VALUES (32088, 625501, 190, 127, '2018-05-18 13:22:46.767872');
INSERT INTO public.stream (id, log_time, egv, log_id, date_created) VALUES (32089, 625801, 188, 127, '2018-05-18 13:22:46.76868');
INSERT INTO public.stream (id, log_time, egv, log_id, date_created) VALUES (32090, 626101, 183, 127, '2018-05-18 13:22:46.769397');
INSERT INTO public.stream (id, log_time, egv, log_id, date_created) VALUES (32091, 626401, 177, 127, '2018-05-18 13:22:46.770207');
INSERT INTO public.stream (id, log_time, egv, log_id, date_created) VALUES (32092, 626701, 169, 127, '2018-05-18 13:22:46.770793');
INSERT INTO public.stream (id, log_time, egv, log_id, date_created) VALUES (32093, 627001, 159, 127, '2018-05-18 13:22:46.771703');
INSERT INTO public.stream (id, log_time, egv, log_id, date_created) VALUES (32094, 627301, 149, 127, '2018-05-18 13:22:46.772327');
INSERT INTO public.stream (id, log_time, egv, log_id, date_created) VALUES (32095, 627601, 137, 127, '2018-05-18 13:22:46.772817');
INSERT INTO public.stream (id, log_time, egv, log_id, date_created) VALUES (32096, 627901, 125, 127, '2018-05-18 13:22:46.773283');
INSERT INTO public.stream (id, log_time, egv, log_id, date_created) VALUES (32097, 628201, 114, 127, '2018-05-18 13:22:46.773768');
INSERT INTO public.stream (id, log_time, egv, log_id, date_created) VALUES (32098, 628501, 102, 127, '2018-05-18 13:22:46.774242');
INSERT INTO public.stream (id, log_time, egv, log_id, date_created) VALUES (32099, 628801, 91, 127, '2018-05-18 13:22:46.774874');
INSERT INTO public.stream (id, log_time, egv, log_id, date_created) VALUES (32100, 629101, 81, 127, '2018-05-18 13:22:46.775365');
INSERT INTO public.stream (id, log_time, egv, log_id, date_created) VALUES (32101, 629401, 73, 127, '2018-05-18 13:22:46.775777');
INSERT INTO public.stream (id, log_time, egv, log_id, date_created) VALUES (32102, 629701, 65, 127, '2018-05-18 13:22:46.776256');
INSERT INTO public.stream (id, log_time, egv, log_id, date_created) VALUES (32103, 630001, 60, 127, '2018-05-18 13:22:46.776599');
INSERT INTO public.stream (id, log_time, egv, log_id, date_created) VALUES (32104, 630301, 57, 127, '2018-05-18 13:22:46.776997');
INSERT INTO public.stream (id, log_time, egv, log_id, date_created) VALUES (32105, 630601, 55, 127, '2018-05-18 13:22:46.777456');
INSERT INTO public.stream (id, log_time, egv, log_id, date_created) VALUES (32106, 630901, 56, 127, '2018-05-18 13:22:46.777881');
INSERT INTO public.stream (id, log_time, egv, log_id, date_created) VALUES (32107, 631201, 58, 127, '2018-05-18 13:22:46.778351');
INSERT INTO public.stream (id, log_time, egv, log_id, date_created) VALUES (32108, 631501, 63, 127, '2018-05-18 13:22:46.778805');
INSERT INTO public.stream (id, log_time, egv, log_id, date_created) VALUES (32109, 631801, 69, 127, '2018-05-18 13:22:46.779244');
INSERT INTO public.stream (id, log_time, egv, log_id, date_created) VALUES (32110, 632101, 77, 127, '2018-05-18 13:22:46.779676');
INSERT INTO public.stream (id, log_time, egv, log_id, date_created) VALUES (32111, 632401, 87, 127, '2018-05-18 13:22:46.780139');
INSERT INTO public.stream (id, log_time, egv, log_id, date_created) VALUES (32112, 632701, 97, 127, '2018-05-18 13:22:46.780593');
INSERT INTO public.stream (id, log_time, egv, log_id, date_created) VALUES (32113, 633001, 109, 127, '2018-05-18 13:22:46.78192');
INSERT INTO public.stream (id, log_time, egv, log_id, date_created) VALUES (32114, 633301, 121, 127, '2018-05-18 13:22:46.782628');
INSERT INTO public.stream (id, log_time, egv, log_id, date_created) VALUES (32115, 633601, 132, 127, '2018-05-18 13:22:46.783078');
INSERT INTO public.stream (id, log_time, egv, log_id, date_created) VALUES (32116, 633901, 144, 127, '2018-05-18 13:22:46.783542');
INSERT INTO public.stream (id, log_time, egv, log_id, date_created) VALUES (32117, 634201, 155, 127, '2018-05-18 13:22:46.784061');
INSERT INTO public.stream (id, log_time, egv, log_id, date_created) VALUES (32118, 634501, 165, 127, '2018-05-18 13:22:46.784622');
INSERT INTO public.stream (id, log_time, egv, log_id, date_created) VALUES (32119, 634801, 173, 127, '2018-05-18 13:22:46.785051');
INSERT INTO public.stream (id, log_time, egv, log_id, date_created) VALUES (32120, 635101, 181, 127, '2018-05-18 13:22:46.785514');
INSERT INTO public.stream (id, log_time, egv, log_id, date_created) VALUES (32121, 635401, 186, 127, '2018-05-18 13:22:46.785926');
INSERT INTO public.stream (id, log_time, egv, log_id, date_created) VALUES (32122, 635701, 189, 127, '2018-05-18 13:22:46.786368');
INSERT INTO public.stream (id, log_time, egv, log_id, date_created) VALUES (32123, 636001, 191, 127, '2018-05-18 13:22:46.786772');
INSERT INTO public.stream (id, log_time, egv, log_id, date_created) VALUES (32124, 636301, 190, 127, '2018-05-18 13:22:46.787252');
INSERT INTO public.stream (id, log_time, egv, log_id, date_created) VALUES (32125, 636601, 188, 127, '2018-05-18 13:22:46.787736');
INSERT INTO public.stream (id, log_time, egv, log_id, date_created) VALUES (32126, 636901, 183, 127, '2018-05-18 13:22:46.788475');
INSERT INTO public.stream (id, log_time, egv, log_id, date_created) VALUES (32127, 637201, 177, 127, '2018-05-18 13:22:46.788995');
INSERT INTO public.stream (id, log_time, egv, log_id, date_created) VALUES (32128, 637501, 169, 127, '2018-05-18 13:22:46.789399');
INSERT INTO public.stream (id, log_time, egv, log_id, date_created) VALUES (32129, 637801, 159, 127, '2018-05-18 13:22:46.789786');
INSERT INTO public.stream (id, log_time, egv, log_id, date_created) VALUES (32130, 638101, 148, 127, '2018-05-18 13:22:46.790176');
INSERT INTO public.stream (id, log_time, egv, log_id, date_created) VALUES (32131, 638401, 137, 127, '2018-05-18 13:22:46.790651');
INSERT INTO public.stream (id, log_time, egv, log_id, date_created) VALUES (32132, 638701, 125, 127, '2018-05-18 13:22:46.791196');
INSERT INTO public.stream (id, log_time, egv, log_id, date_created) VALUES (32133, 639001, 114, 127, '2018-05-18 13:22:46.791687');
INSERT INTO public.stream (id, log_time, egv, log_id, date_created) VALUES (32134, 639301, 102, 127, '2018-05-18 13:22:46.792055');
INSERT INTO public.stream (id, log_time, egv, log_id, date_created) VALUES (32135, 639601, 91, 127, '2018-05-18 13:22:46.792592');
INSERT INTO public.stream (id, log_time, egv, log_id, date_created) VALUES (32136, 639901, 81, 127, '2018-05-18 13:22:46.793091');
INSERT INTO public.stream (id, log_time, egv, log_id, date_created) VALUES (32137, 640201, 73, 127, '2018-05-18 13:22:46.793477');
INSERT INTO public.stream (id, log_time, egv, log_id, date_created) VALUES (32138, 640501, 65, 127, '2018-05-18 13:22:46.793905');
INSERT INTO public.stream (id, log_time, egv, log_id, date_created) VALUES (32139, 640801, 60, 127, '2018-05-18 13:22:46.794341');
INSERT INTO public.stream (id, log_time, egv, log_id, date_created) VALUES (32140, 641101, 57, 127, '2018-05-18 13:22:46.794985');
INSERT INTO public.stream (id, log_time, egv, log_id, date_created) VALUES (32141, 641401, 55, 127, '2018-05-18 13:22:46.795435');
INSERT INTO public.stream (id, log_time, egv, log_id, date_created) VALUES (32142, 641701, 56, 127, '2018-05-18 13:22:46.79586');
INSERT INTO public.stream (id, log_time, egv, log_id, date_created) VALUES (32143, 642001, 58, 127, '2018-05-18 13:22:46.796305');
INSERT INTO public.stream (id, log_time, egv, log_id, date_created) VALUES (32144, 642301, 63, 127, '2018-05-18 13:22:46.796768');
INSERT INTO public.stream (id, log_time, egv, log_id, date_created) VALUES (32145, 642601, 69, 127, '2018-05-18 13:22:46.797225');
INSERT INTO public.stream (id, log_time, egv, log_id, date_created) VALUES (32146, 642901, 77, 127, '2018-05-18 13:22:46.797595');
INSERT INTO public.stream (id, log_time, egv, log_id, date_created) VALUES (32147, 643201, 87, 127, '2018-05-18 13:22:46.798076');
INSERT INTO public.stream (id, log_time, egv, log_id, date_created) VALUES (32148, 643501, 97, 127, '2018-05-18 13:22:46.798664');
INSERT INTO public.stream (id, log_time, egv, log_id, date_created) VALUES (32149, 643801, 109, 127, '2018-05-18 13:22:46.799262');
INSERT INTO public.stream (id, log_time, egv, log_id, date_created) VALUES (32150, 644101, 121, 127, '2018-05-18 13:22:46.799754');
INSERT INTO public.stream (id, log_time, egv, log_id, date_created) VALUES (32151, 644401, 132, 127, '2018-05-18 13:22:46.800148');
INSERT INTO public.stream (id, log_time, egv, log_id, date_created) VALUES (32152, 644701, 144, 127, '2018-05-18 13:22:46.800566');
INSERT INTO public.stream (id, log_time, egv, log_id, date_created) VALUES (32153, 645001, 155, 127, '2018-05-18 13:22:46.801143');
INSERT INTO public.stream (id, log_time, egv, log_id, date_created) VALUES (32154, 645301, 165, 127, '2018-05-18 13:22:46.802186');
INSERT INTO public.stream (id, log_time, egv, log_id, date_created) VALUES (32155, 645601, 173, 127, '2018-05-18 13:22:46.802621');
INSERT INTO public.stream (id, log_time, egv, log_id, date_created) VALUES (32156, 645901, 181, 127, '2018-05-18 13:22:46.803053');
INSERT INTO public.stream (id, log_time, egv, log_id, date_created) VALUES (32157, 646201, 186, 127, '2018-05-18 13:22:46.803487');
INSERT INTO public.stream (id, log_time, egv, log_id, date_created) VALUES (32158, 646501, 189, 127, '2018-05-18 13:22:46.803864');
INSERT INTO public.stream (id, log_time, egv, log_id, date_created) VALUES (32159, 646801, 191, 127, '2018-05-18 13:22:46.804267');
INSERT INTO public.stream (id, log_time, egv, log_id, date_created) VALUES (32160, 647101, 190, 127, '2018-05-18 13:22:46.804816');
INSERT INTO public.stream (id, log_time, egv, log_id, date_created) VALUES (32161, 647401, 188, 127, '2018-05-18 13:22:46.805384');
INSERT INTO public.stream (id, log_time, egv, log_id, date_created) VALUES (32162, 647701, 183, 127, '2018-05-18 13:22:46.80578');
INSERT INTO public.stream (id, log_time, egv, log_id, date_created) VALUES (32163, 648001, 177, 127, '2018-05-18 13:22:46.806153');
INSERT INTO public.stream (id, log_time, egv, log_id, date_created) VALUES (32164, 648301, 168, 127, '2018-05-18 13:22:46.806527');
INSERT INTO public.stream (id, log_time, egv, log_id, date_created) VALUES (32165, 648601, 159, 127, '2018-05-18 13:22:46.807015');
INSERT INTO public.stream (id, log_time, egv, log_id, date_created) VALUES (32166, 648901, 148, 127, '2018-05-18 13:22:46.807422');
INSERT INTO public.stream (id, log_time, egv, log_id, date_created) VALUES (32167, 649201, 137, 127, '2018-05-18 13:22:46.807828');
INSERT INTO public.stream (id, log_time, egv, log_id, date_created) VALUES (32168, 649501, 125, 127, '2018-05-18 13:22:46.808288');
INSERT INTO public.stream (id, log_time, egv, log_id, date_created) VALUES (32169, 649801, 114, 127, '2018-05-18 13:22:46.808748');
INSERT INTO public.stream (id, log_time, egv, log_id, date_created) VALUES (32170, 650101, 102, 127, '2018-05-18 13:22:46.809112');
INSERT INTO public.stream (id, log_time, egv, log_id, date_created) VALUES (32171, 650401, 91, 127, '2018-05-18 13:22:46.809503');
INSERT INTO public.stream (id, log_time, egv, log_id, date_created) VALUES (32172, 650701, 81, 127, '2018-05-18 13:22:46.809963');
INSERT INTO public.stream (id, log_time, egv, log_id, date_created) VALUES (32173, 651001, 72, 127, '2018-05-18 13:22:46.810418');
INSERT INTO public.stream (id, log_time, egv, log_id, date_created) VALUES (32174, 651301, 65, 127, '2018-05-18 13:22:46.810823');
INSERT INTO public.stream (id, log_time, egv, log_id, date_created) VALUES (32175, 651601, 60, 127, '2018-05-18 13:22:46.811226');
INSERT INTO public.stream (id, log_time, egv, log_id, date_created) VALUES (32176, 651901, 56, 127, '2018-05-18 13:22:46.811736');
INSERT INTO public.stream (id, log_time, egv, log_id, date_created) VALUES (32177, 652201, 55, 127, '2018-05-18 13:22:46.81223');
INSERT INTO public.stream (id, log_time, egv, log_id, date_created) VALUES (32178, 652501, 56, 127, '2018-05-18 13:22:46.81267');
INSERT INTO public.stream (id, log_time, egv, log_id, date_created) VALUES (32179, 652801, 58, 127, '2018-05-18 13:22:46.81313');
INSERT INTO public.stream (id, log_time, egv, log_id, date_created) VALUES (32180, 653101, 63, 127, '2018-05-18 13:22:46.813705');
INSERT INTO public.stream (id, log_time, egv, log_id, date_created) VALUES (32181, 653401, 69, 127, '2018-05-18 13:22:46.814304');
INSERT INTO public.stream (id, log_time, egv, log_id, date_created) VALUES (32182, 653701, 77, 127, '2018-05-18 13:22:46.815293');
INSERT INTO public.stream (id, log_time, egv, log_id, date_created) VALUES (32183, 654001, 87, 127, '2018-05-18 13:22:46.815921');
INSERT INTO public.stream (id, log_time, egv, log_id, date_created) VALUES (32184, 654301, 97, 127, '2018-05-18 13:22:46.819026');
INSERT INTO public.stream (id, log_time, egv, log_id, date_created) VALUES (32185, 654601, 109, 127, '2018-05-18 13:22:46.819735');
INSERT INTO public.stream (id, log_time, egv, log_id, date_created) VALUES (32186, 654901, 121, 127, '2018-05-18 13:22:46.82025');
INSERT INTO public.stream (id, log_time, egv, log_id, date_created) VALUES (32187, 655201, 132, 127, '2018-05-18 13:22:46.821034');
INSERT INTO public.stream (id, log_time, egv, log_id, date_created) VALUES (32188, 655501, 144, 127, '2018-05-18 13:22:46.822112');
INSERT INTO public.stream (id, log_time, egv, log_id, date_created) VALUES (32189, 655801, 155, 127, '2018-05-18 13:22:46.822542');
INSERT INTO public.stream (id, log_time, egv, log_id, date_created) VALUES (32190, 656101, 165, 127, '2018-05-18 13:22:46.823017');
INSERT INTO public.stream (id, log_time, egv, log_id, date_created) VALUES (32191, 656401, 173, 127, '2018-05-18 13:22:46.823475');
INSERT INTO public.stream (id, log_time, egv, log_id, date_created) VALUES (32192, 656701, 181, 127, '2018-05-18 13:22:46.823951');
INSERT INTO public.stream (id, log_time, egv, log_id, date_created) VALUES (32193, 657001, 186, 127, '2018-05-18 13:22:46.824455');
INSERT INTO public.stream (id, log_time, egv, log_id, date_created) VALUES (32194, 657301, 189, 127, '2018-05-18 13:22:46.824838');
INSERT INTO public.stream (id, log_time, egv, log_id, date_created) VALUES (32195, 657601, 191, 127, '2018-05-18 13:22:46.825197');
INSERT INTO public.stream (id, log_time, egv, log_id, date_created) VALUES (32196, 657901, 190, 127, '2018-05-18 13:22:46.82559');
INSERT INTO public.stream (id, log_time, egv, log_id, date_created) VALUES (32197, 658201, 188, 127, '2018-05-18 13:22:46.826035');
INSERT INTO public.stream (id, log_time, egv, log_id, date_created) VALUES (32198, 658501, 183, 127, '2018-05-18 13:22:46.826417');
INSERT INTO public.stream (id, log_time, egv, log_id, date_created) VALUES (32199, 658801, 177, 127, '2018-05-18 13:22:46.826873');
INSERT INTO public.stream (id, log_time, egv, log_id, date_created) VALUES (32200, 659101, 168, 127, '2018-05-18 13:22:46.827293');
INSERT INTO public.stream (id, log_time, egv, log_id, date_created) VALUES (32201, 659401, 159, 127, '2018-05-18 13:22:46.827855');
INSERT INTO public.stream (id, log_time, egv, log_id, date_created) VALUES (32202, 659701, 148, 127, '2018-05-18 13:22:46.828354');
INSERT INTO public.stream (id, log_time, egv, log_id, date_created) VALUES (32203, 660001, 137, 127, '2018-05-18 13:22:46.828925');
INSERT INTO public.stream (id, log_time, egv, log_id, date_created) VALUES (32204, 660301, 125, 127, '2018-05-18 13:22:46.829505');
INSERT INTO public.stream (id, log_time, egv, log_id, date_created) VALUES (32205, 660601, 114, 127, '2018-05-18 13:22:46.830081');
INSERT INTO public.stream (id, log_time, egv, log_id, date_created) VALUES (32206, 660901, 102, 127, '2018-05-18 13:22:46.830625');
INSERT INTO public.stream (id, log_time, egv, log_id, date_created) VALUES (32207, 661201, 91, 127, '2018-05-18 13:22:46.831781');
INSERT INTO public.stream (id, log_time, egv, log_id, date_created) VALUES (32208, 661501, 81, 127, '2018-05-18 13:22:46.832334');
INSERT INTO public.stream (id, log_time, egv, log_id, date_created) VALUES (32209, 661801, 72, 127, '2018-05-18 13:22:46.832846');
INSERT INTO public.stream (id, log_time, egv, log_id, date_created) VALUES (32210, 662101, 65, 127, '2018-05-18 13:22:46.833266');
INSERT INTO public.stream (id, log_time, egv, log_id, date_created) VALUES (32211, 662401, 60, 127, '2018-05-18 13:22:46.833796');
INSERT INTO public.stream (id, log_time, egv, log_id, date_created) VALUES (32212, 662701, 56, 127, '2018-05-18 13:22:46.834306');
INSERT INTO public.stream (id, log_time, egv, log_id, date_created) VALUES (32213, 663001, 55, 127, '2018-05-18 13:22:46.834767');
INSERT INTO public.stream (id, log_time, egv, log_id, date_created) VALUES (32214, 663301, 56, 127, '2018-05-18 13:22:46.835136');
INSERT INTO public.stream (id, log_time, egv, log_id, date_created) VALUES (32215, 663601, 58, 127, '2018-05-18 13:22:46.835575');
INSERT INTO public.stream (id, log_time, egv, log_id, date_created) VALUES (32216, 663901, 63, 127, '2018-05-18 13:22:46.836007');
INSERT INTO public.stream (id, log_time, egv, log_id, date_created) VALUES (32217, 664201, 69, 127, '2018-05-18 13:22:46.836461');
INSERT INTO public.stream (id, log_time, egv, log_id, date_created) VALUES (32218, 664501, 77, 127, '2018-05-18 13:22:46.836866');
INSERT INTO public.stream (id, log_time, egv, log_id, date_created) VALUES (32219, 664801, 87, 127, '2018-05-18 13:22:46.83721');
INSERT INTO public.stream (id, log_time, egv, log_id, date_created) VALUES (32220, 665101, 97, 127, '2018-05-18 13:22:46.83759');
INSERT INTO public.stream (id, log_time, egv, log_id, date_created) VALUES (32221, 665401, 109, 127, '2018-05-18 13:22:46.837981');
INSERT INTO public.stream (id, log_time, egv, log_id, date_created) VALUES (32222, 665701, 120, 127, '2018-05-18 13:22:46.838342');
INSERT INTO public.stream (id, log_time, egv, log_id, date_created) VALUES (32223, 666001, 132, 127, '2018-05-18 13:22:46.838783');
INSERT INTO public.stream (id, log_time, egv, log_id, date_created) VALUES (32224, 666301, 144, 127, '2018-05-18 13:22:46.839168');
INSERT INTO public.stream (id, log_time, egv, log_id, date_created) VALUES (32225, 666601, 155, 127, '2018-05-18 13:22:46.839569');
INSERT INTO public.stream (id, log_time, egv, log_id, date_created) VALUES (32226, 666901, 165, 127, '2018-05-18 13:22:46.839996');
INSERT INTO public.stream (id, log_time, egv, log_id, date_created) VALUES (32227, 667201, 173, 127, '2018-05-18 13:22:46.840353');
INSERT INTO public.stream (id, log_time, egv, log_id, date_created) VALUES (32228, 667501, 180, 127, '2018-05-18 13:22:46.840764');
INSERT INTO public.stream (id, log_time, egv, log_id, date_created) VALUES (32229, 667801, 186, 127, '2018-05-18 13:22:46.841183');
INSERT INTO public.stream (id, log_time, egv, log_id, date_created) VALUES (32230, 668101, 189, 127, '2018-05-18 13:22:46.841623');
INSERT INTO public.stream (id, log_time, egv, log_id, date_created) VALUES (32231, 668401, 191, 127, '2018-05-18 13:22:46.842117');
INSERT INTO public.stream (id, log_time, egv, log_id, date_created) VALUES (32232, 668701, 190, 127, '2018-05-18 13:22:46.842681');
INSERT INTO public.stream (id, log_time, egv, log_id, date_created) VALUES (32233, 669001, 188, 127, '2018-05-18 13:22:46.843189');
INSERT INTO public.stream (id, log_time, egv, log_id, date_created) VALUES (32234, 669301, 183, 127, '2018-05-18 13:22:46.843766');
INSERT INTO public.stream (id, log_time, egv, log_id, date_created) VALUES (32235, 669601, 176, 127, '2018-05-18 13:22:46.844209');
INSERT INTO public.stream (id, log_time, egv, log_id, date_created) VALUES (32236, 669901, 168, 127, '2018-05-18 13:22:46.844655');
INSERT INTO public.stream (id, log_time, egv, log_id, date_created) VALUES (32237, 670201, 159, 127, '2018-05-18 13:22:46.845075');
INSERT INTO public.stream (id, log_time, egv, log_id, date_created) VALUES (32238, 670501, 148, 127, '2018-05-18 13:22:46.845664');
INSERT INTO public.stream (id, log_time, egv, log_id, date_created) VALUES (32239, 670801, 137, 127, '2018-05-18 13:22:46.846052');
INSERT INTO public.stream (id, log_time, egv, log_id, date_created) VALUES (32240, 671101, 125, 127, '2018-05-18 13:22:46.846518');
INSERT INTO public.stream (id, log_time, egv, log_id, date_created) VALUES (32241, 671401, 114, 127, '2018-05-18 13:22:46.846954');
INSERT INTO public.stream (id, log_time, egv, log_id, date_created) VALUES (32242, 671701, 102, 127, '2018-05-18 13:22:46.84735');
INSERT INTO public.stream (id, log_time, egv, log_id, date_created) VALUES (32243, 672001, 91, 127, '2018-05-18 13:22:46.847763');
INSERT INTO public.stream (id, log_time, egv, log_id, date_created) VALUES (32244, 672301, 81, 127, '2018-05-18 13:22:46.848321');
INSERT INTO public.stream (id, log_time, egv, log_id, date_created) VALUES (32245, 672601, 72, 127, '2018-05-18 13:22:46.848799');
INSERT INTO public.stream (id, log_time, egv, log_id, date_created) VALUES (32246, 672901, 65, 127, '2018-05-18 13:22:46.849171');
INSERT INTO public.stream (id, log_time, egv, log_id, date_created) VALUES (32247, 673201, 60, 127, '2018-05-18 13:22:46.849627');
INSERT INTO public.stream (id, log_time, egv, log_id, date_created) VALUES (32248, 673501, 56, 127, '2018-05-18 13:22:46.850025');
INSERT INTO public.stream (id, log_time, egv, log_id, date_created) VALUES (32249, 673801, 55, 127, '2018-05-18 13:22:46.850392');
INSERT INTO public.stream (id, log_time, egv, log_id, date_created) VALUES (32250, 674101, 56, 127, '2018-05-18 13:22:46.850803');
INSERT INTO public.stream (id, log_time, egv, log_id, date_created) VALUES (32251, 674401, 58, 127, '2018-05-18 13:22:46.851244');
INSERT INTO public.stream (id, log_time, egv, log_id, date_created) VALUES (32252, 674701, 63, 127, '2018-05-18 13:22:46.851692');
INSERT INTO public.stream (id, log_time, egv, log_id, date_created) VALUES (32253, 675001, 69, 127, '2018-05-18 13:22:46.852112');
INSERT INTO public.stream (id, log_time, egv, log_id, date_created) VALUES (32254, 675301, 77, 127, '2018-05-18 13:22:46.852522');
INSERT INTO public.stream (id, log_time, egv, log_id, date_created) VALUES (32255, 675601, 87, 127, '2018-05-18 13:22:46.852903');
INSERT INTO public.stream (id, log_time, egv, log_id, date_created) VALUES (32256, 675901, 97, 127, '2018-05-18 13:22:46.853325');
INSERT INTO public.stream (id, log_time, egv, log_id, date_created) VALUES (32257, 676201, 109, 127, '2018-05-18 13:22:46.853764');
INSERT INTO public.stream (id, log_time, egv, log_id, date_created) VALUES (32258, 676501, 120, 127, '2018-05-18 13:22:46.854135');
INSERT INTO public.stream (id, log_time, egv, log_id, date_created) VALUES (32259, 676801, 132, 127, '2018-05-18 13:22:46.854498');
INSERT INTO public.stream (id, log_time, egv, log_id, date_created) VALUES (32260, 677101, 144, 127, '2018-05-18 13:22:46.854849');
INSERT INTO public.stream (id, log_time, egv, log_id, date_created) VALUES (32261, 677401, 155, 127, '2018-05-18 13:22:46.855329');
INSERT INTO public.stream (id, log_time, egv, log_id, date_created) VALUES (32262, 677701, 165, 127, '2018-05-18 13:22:46.855792');
INSERT INTO public.stream (id, log_time, egv, log_id, date_created) VALUES (32263, 678001, 173, 127, '2018-05-18 13:22:46.856175');
INSERT INTO public.stream (id, log_time, egv, log_id, date_created) VALUES (32264, 678301, 180, 127, '2018-05-18 13:22:46.856556');
INSERT INTO public.stream (id, log_time, egv, log_id, date_created) VALUES (32265, 678601, 186, 127, '2018-05-18 13:22:46.856949');
INSERT INTO public.stream (id, log_time, egv, log_id, date_created) VALUES (32266, 678901, 189, 127, '2018-05-18 13:22:46.857323');
INSERT INTO public.stream (id, log_time, egv, log_id, date_created) VALUES (32267, 679201, 191, 127, '2018-05-18 13:22:46.857742');
INSERT INTO public.stream (id, log_time, egv, log_id, date_created) VALUES (32268, 679501, 190, 127, '2018-05-18 13:22:46.858155');
INSERT INTO public.stream (id, log_time, egv, log_id, date_created) VALUES (32269, 679801, 188, 127, '2018-05-18 13:22:46.85853');
INSERT INTO public.stream (id, log_time, egv, log_id, date_created) VALUES (32270, 680101, 183, 127, '2018-05-18 13:22:46.85891');
INSERT INTO public.stream (id, log_time, egv, log_id, date_created) VALUES (32271, 680401, 176, 127, '2018-05-18 13:22:46.859357');
INSERT INTO public.stream (id, log_time, egv, log_id, date_created) VALUES (32272, 680701, 168, 127, '2018-05-18 13:22:46.859938');
INSERT INTO public.stream (id, log_time, egv, log_id, date_created) VALUES (32273, 681001, 159, 127, '2018-05-18 13:22:46.860374');
INSERT INTO public.stream (id, log_time, egv, log_id, date_created) VALUES (32274, 681301, 148, 127, '2018-05-18 13:22:46.86088');
INSERT INTO public.stream (id, log_time, egv, log_id, date_created) VALUES (32275, 681601, 137, 127, '2018-05-18 13:22:46.861258');
INSERT INTO public.stream (id, log_time, egv, log_id, date_created) VALUES (32276, 681901, 125, 127, '2018-05-18 13:22:46.861772');
INSERT INTO public.stream (id, log_time, egv, log_id, date_created) VALUES (32277, 682201, 114, 127, '2018-05-18 13:22:46.862322');
INSERT INTO public.stream (id, log_time, egv, log_id, date_created) VALUES (32278, 682501, 102, 127, '2018-05-18 13:22:46.862797');
INSERT INTO public.stream (id, log_time, egv, log_id, date_created) VALUES (32279, 682801, 91, 127, '2018-05-18 13:22:46.863391');
INSERT INTO public.stream (id, log_time, egv, log_id, date_created) VALUES (32280, 683101, 81, 127, '2018-05-18 13:22:46.863994');
INSERT INTO public.stream (id, log_time, egv, log_id, date_created) VALUES (32281, 683401, 72, 127, '2018-05-18 13:22:46.864409');
INSERT INTO public.stream (id, log_time, egv, log_id, date_created) VALUES (32282, 683701, 65, 127, '2018-05-18 13:22:46.86497');
INSERT INTO public.stream (id, log_time, egv, log_id, date_created) VALUES (32283, 684001, 60, 127, '2018-05-18 13:22:46.865413');
INSERT INTO public.stream (id, log_time, egv, log_id, date_created) VALUES (32284, 684301, 56, 127, '2018-05-18 13:22:46.865833');
INSERT INTO public.stream (id, log_time, egv, log_id, date_created) VALUES (32285, 684601, 55, 127, '2018-05-18 13:22:46.86626');
INSERT INTO public.stream (id, log_time, egv, log_id, date_created) VALUES (32286, 684901, 56, 127, '2018-05-18 13:22:46.866648');
INSERT INTO public.stream (id, log_time, egv, log_id, date_created) VALUES (32287, 685201, 58, 127, '2018-05-18 13:22:46.867111');
INSERT INTO public.stream (id, log_time, egv, log_id, date_created) VALUES (32288, 685501, 63, 127, '2018-05-18 13:22:46.867444');
INSERT INTO public.stream (id, log_time, egv, log_id, date_created) VALUES (32289, 685801, 69, 127, '2018-05-18 13:22:46.867821');
INSERT INTO public.stream (id, log_time, egv, log_id, date_created) VALUES (32290, 686101, 77, 127, '2018-05-18 13:22:46.868232');
INSERT INTO public.stream (id, log_time, egv, log_id, date_created) VALUES (32291, 686401, 87, 127, '2018-05-18 13:22:46.868844');
INSERT INTO public.stream (id, log_time, egv, log_id, date_created) VALUES (32292, 686701, 97, 127, '2018-05-18 13:22:46.869739');
INSERT INTO public.stream (id, log_time, egv, log_id, date_created) VALUES (32293, 687001, 109, 127, '2018-05-18 13:22:46.87027');
INSERT INTO public.stream (id, log_time, egv, log_id, date_created) VALUES (32294, 687301, 120, 127, '2018-05-18 13:22:46.870656');
INSERT INTO public.stream (id, log_time, egv, log_id, date_created) VALUES (32295, 687601, 132, 127, '2018-05-18 13:22:46.871322');
INSERT INTO public.stream (id, log_time, egv, log_id, date_created) VALUES (32296, 687901, 144, 127, '2018-05-18 13:22:46.872166');
INSERT INTO public.stream (id, log_time, egv, log_id, date_created) VALUES (32297, 688201, 155, 127, '2018-05-18 13:22:46.873772');
INSERT INTO public.stream (id, log_time, egv, log_id, date_created) VALUES (32298, 688501, 165, 127, '2018-05-18 13:22:46.875478');
INSERT INTO public.stream (id, log_time, egv, log_id, date_created) VALUES (32299, 688801, 173, 127, '2018-05-18 13:22:46.876658');
INSERT INTO public.stream (id, log_time, egv, log_id, date_created) VALUES (32300, 689101, 180, 127, '2018-05-18 13:22:46.877869');
INSERT INTO public.stream (id, log_time, egv, log_id, date_created) VALUES (32301, 689401, 186, 127, '2018-05-18 13:22:46.878793');
INSERT INTO public.stream (id, log_time, egv, log_id, date_created) VALUES (32302, 689701, 189, 127, '2018-05-18 13:22:46.879596');
INSERT INTO public.stream (id, log_time, egv, log_id, date_created) VALUES (32303, 690001, 191, 127, '2018-05-18 13:22:46.880445');
INSERT INTO public.stream (id, log_time, egv, log_id, date_created) VALUES (32304, 690301, 190, 127, '2018-05-18 13:22:46.882538');
INSERT INTO public.stream (id, log_time, egv, log_id, date_created) VALUES (32305, 690601, 187, 127, '2018-05-18 13:22:46.883468');
INSERT INTO public.stream (id, log_time, egv, log_id, date_created) VALUES (32306, 690901, 183, 127, '2018-05-18 13:22:46.884515');
INSERT INTO public.stream (id, log_time, egv, log_id, date_created) VALUES (32307, 691201, 176, 127, '2018-05-18 13:22:46.88516');
INSERT INTO public.stream (id, log_time, egv, log_id, date_created) VALUES (32308, 691501, 168, 127, '2018-05-18 13:22:46.891316');
INSERT INTO public.stream (id, log_time, egv, log_id, date_created) VALUES (32309, 691801, 159, 127, '2018-05-18 13:22:46.891782');
INSERT INTO public.stream (id, log_time, egv, log_id, date_created) VALUES (32310, 692101, 148, 127, '2018-05-18 13:22:46.89221');
INSERT INTO public.stream (id, log_time, egv, log_id, date_created) VALUES (32311, 692401, 137, 127, '2018-05-18 13:22:46.892644');
INSERT INTO public.stream (id, log_time, egv, log_id, date_created) VALUES (32312, 692701, 125, 127, '2018-05-18 13:22:46.893027');
INSERT INTO public.stream (id, log_time, egv, log_id, date_created) VALUES (32313, 693001, 113, 127, '2018-05-18 13:22:46.893453');
INSERT INTO public.stream (id, log_time, egv, log_id, date_created) VALUES (32314, 693301, 102, 127, '2018-05-18 13:22:46.893825');
INSERT INTO public.stream (id, log_time, egv, log_id, date_created) VALUES (32315, 693601, 91, 127, '2018-05-18 13:22:46.894201');
INSERT INTO public.stream (id, log_time, egv, log_id, date_created) VALUES (32316, 693901, 81, 127, '2018-05-18 13:22:46.89474');
INSERT INTO public.stream (id, log_time, egv, log_id, date_created) VALUES (32317, 694201, 72, 127, '2018-05-18 13:22:46.895205');
INSERT INTO public.stream (id, log_time, egv, log_id, date_created) VALUES (32318, 694501, 65, 127, '2018-05-18 13:22:46.895583');
INSERT INTO public.stream (id, log_time, egv, log_id, date_created) VALUES (32319, 694801, 60, 127, '2018-05-18 13:22:46.896037');
INSERT INTO public.stream (id, log_time, egv, log_id, date_created) VALUES (32320, 695101, 56, 127, '2018-05-18 13:22:46.896745');
INSERT INTO public.stream (id, log_time, egv, log_id, date_created) VALUES (32321, 695401, 55, 127, '2018-05-18 13:22:46.897214');
INSERT INTO public.stream (id, log_time, egv, log_id, date_created) VALUES (32322, 695701, 56, 127, '2018-05-18 13:22:46.897601');
INSERT INTO public.stream (id, log_time, egv, log_id, date_created) VALUES (32323, 696001, 58, 127, '2018-05-18 13:22:46.897955');
INSERT INTO public.stream (id, log_time, egv, log_id, date_created) VALUES (32324, 696301, 63, 127, '2018-05-18 13:22:46.89836');
INSERT INTO public.stream (id, log_time, egv, log_id, date_created) VALUES (32325, 696601, 69, 127, '2018-05-18 13:22:46.898809');
INSERT INTO public.stream (id, log_time, egv, log_id, date_created) VALUES (32326, 696901, 77, 127, '2018-05-18 13:22:46.899294');
INSERT INTO public.stream (id, log_time, egv, log_id, date_created) VALUES (32327, 697201, 87, 127, '2018-05-18 13:22:46.899759');
INSERT INTO public.stream (id, log_time, egv, log_id, date_created) VALUES (32569, 688501, 165, 129, '2018-05-18 13:25:20.257291');
INSERT INTO public.stream (id, log_time, egv, log_id, date_created) VALUES (32570, 688801, 173, 129, '2018-05-18 13:25:20.257909');
INSERT INTO public.stream (id, log_time, egv, log_id, date_created) VALUES (32571, 689101, 180, 129, '2018-05-18 13:25:20.258597');
INSERT INTO public.stream (id, log_time, egv, log_id, date_created) VALUES (32572, 689401, 186, 129, '2018-05-18 13:25:20.259195');
INSERT INTO public.stream (id, log_time, egv, log_id, date_created) VALUES (32573, 689701, 189, 129, '2018-05-18 13:25:20.259666');
INSERT INTO public.stream (id, log_time, egv, log_id, date_created) VALUES (32574, 690001, 191, 129, '2018-05-18 13:25:20.260416');
INSERT INTO public.stream (id, log_time, egv, log_id, date_created) VALUES (32575, 690301, 190, 129, '2018-05-18 13:25:20.26095');
INSERT INTO public.stream (id, log_time, egv, log_id, date_created) VALUES (32576, 690601, 187, 129, '2018-05-18 13:25:20.261447');
INSERT INTO public.stream (id, log_time, egv, log_id, date_created) VALUES (32577, 690901, 183, 129, '2018-05-18 13:25:20.261961');
INSERT INTO public.stream (id, log_time, egv, log_id, date_created) VALUES (32578, 691201, 176, 129, '2018-05-18 13:25:20.2625');
INSERT INTO public.stream (id, log_time, egv, log_id, date_created) VALUES (32579, 691501, 168, 129, '2018-05-18 13:25:20.262972');
INSERT INTO public.stream (id, log_time, egv, log_id, date_created) VALUES (32580, 691801, 159, 129, '2018-05-18 13:25:20.263424');
INSERT INTO public.stream (id, log_time, egv, log_id, date_created) VALUES (32581, 692101, 148, 129, '2018-05-18 13:25:20.263864');
INSERT INTO public.stream (id, log_time, egv, log_id, date_created) VALUES (32582, 692401, 137, 129, '2018-05-18 13:25:20.264339');
INSERT INTO public.stream (id, log_time, egv, log_id, date_created) VALUES (32583, 692701, 125, 129, '2018-05-18 13:25:20.264913');
INSERT INTO public.stream (id, log_time, egv, log_id, date_created) VALUES (32584, 693001, 113, 129, '2018-05-18 13:25:20.26535');
INSERT INTO public.stream (id, log_time, egv, log_id, date_created) VALUES (32585, 693301, 102, 129, '2018-05-18 13:25:20.265847');
INSERT INTO public.stream (id, log_time, egv, log_id, date_created) VALUES (32586, 693601, 91, 129, '2018-05-18 13:25:20.266397');
INSERT INTO public.stream (id, log_time, egv, log_id, date_created) VALUES (32587, 693901, 81, 129, '2018-05-18 13:25:20.26694');
INSERT INTO public.stream (id, log_time, egv, log_id, date_created) VALUES (32588, 694201, 72, 129, '2018-05-18 13:25:20.267423');
INSERT INTO public.stream (id, log_time, egv, log_id, date_created) VALUES (32589, 694501, 65, 129, '2018-05-18 13:25:20.267911');
INSERT INTO public.stream (id, log_time, egv, log_id, date_created) VALUES (32590, 694801, 60, 129, '2018-05-18 13:25:20.26842');
INSERT INTO public.stream (id, log_time, egv, log_id, date_created) VALUES (32591, 695101, 56, 129, '2018-05-18 13:25:20.268846');
INSERT INTO public.stream (id, log_time, egv, log_id, date_created) VALUES (32592, 695401, 55, 129, '2018-05-18 13:25:20.269313');
INSERT INTO public.stream (id, log_time, egv, log_id, date_created) VALUES (32593, 695701, 56, 129, '2018-05-18 13:25:20.269799');
INSERT INTO public.stream (id, log_time, egv, log_id, date_created) VALUES (32594, 696001, 58, 129, '2018-05-18 13:25:20.27028');
INSERT INTO public.stream (id, log_time, egv, log_id, date_created) VALUES (32595, 696301, 63, 129, '2018-05-18 13:25:20.270763');
INSERT INTO public.stream (id, log_time, egv, log_id, date_created) VALUES (32596, 696601, 69, 129, '2018-05-18 13:25:20.271234');
INSERT INTO public.stream (id, log_time, egv, log_id, date_created) VALUES (32597, 696901, 77, 129, '2018-05-18 13:25:20.271714');
INSERT INTO public.stream (id, log_time, egv, log_id, date_created) VALUES (32598, 697201, 87, 129, '2018-05-18 13:25:20.272159');
INSERT INTO public.stream (id, log_time, egv, log_id, date_created) VALUES (32718, 159001, 162, 130, '2018-05-18 22:26:41.137266');
INSERT INTO public.stream (id, log_time, egv, log_id, date_created) VALUES (32719, 159301, 172, 130, '2018-05-18 22:26:41.138106');
INSERT INTO public.stream (id, log_time, egv, log_id, date_created) VALUES (32720, 159601, 181, 130, '2018-05-18 22:26:41.139006');
INSERT INTO public.stream (id, log_time, egv, log_id, date_created) VALUES (32721, 159901, 189, 130, '2018-05-18 22:26:41.140128');
INSERT INTO public.stream (id, log_time, egv, log_id, date_created) VALUES (32722, 160201, 194, 130, '2018-05-18 22:26:41.141044');
INSERT INTO public.stream (id, log_time, egv, log_id, date_created) VALUES (32723, 160501, 198, 130, '2018-05-18 22:26:41.141702');
INSERT INTO public.stream (id, log_time, egv, log_id, date_created) VALUES (32724, 160801, 200, 130, '2018-05-18 22:26:41.142455');
INSERT INTO public.stream (id, log_time, egv, log_id, date_created) VALUES (32725, 161101, 199, 130, '2018-05-18 22:26:41.145296');
INSERT INTO public.stream (id, log_time, egv, log_id, date_created) VALUES (32726, 161401, 196, 130, '2018-05-18 22:26:41.149432');
INSERT INTO public.stream (id, log_time, egv, log_id, date_created) VALUES (32727, 161701, 191, 130, '2018-05-18 22:26:41.150206');
INSERT INTO public.stream (id, log_time, egv, log_id, date_created) VALUES (32728, 162001, 184, 130, '2018-05-18 22:26:41.151052');
INSERT INTO public.stream (id, log_time, egv, log_id, date_created) VALUES (32729, 162301, 176, 130, '2018-05-18 22:26:41.151675');
INSERT INTO public.stream (id, log_time, egv, log_id, date_created) VALUES (32730, 162601, 166, 130, '2018-05-18 22:26:41.152342');
INSERT INTO public.stream (id, log_time, egv, log_id, date_created) VALUES (32731, 162901, 155, 130, '2018-05-18 22:26:41.152953');
INSERT INTO public.stream (id, log_time, egv, log_id, date_created) VALUES (32732, 163201, 143, 130, '2018-05-18 22:26:41.153542');
INSERT INTO public.stream (id, log_time, egv, log_id, date_created) VALUES (32733, 163501, 130, 130, '2018-05-18 22:26:41.154158');
INSERT INTO public.stream (id, log_time, egv, log_id, date_created) VALUES (32734, 163801, 118, 130, '2018-05-18 22:26:41.154776');
INSERT INTO public.stream (id, log_time, egv, log_id, date_created) VALUES (32735, 164101, 106, 130, '2018-05-18 22:26:41.155364');
INSERT INTO public.stream (id, log_time, egv, log_id, date_created) VALUES (32736, 164401, 94, 130, '2018-05-18 22:26:41.156005');
INSERT INTO public.stream (id, log_time, egv, log_id, date_created) VALUES (32737, 164701, 84, 130, '2018-05-18 22:26:41.156649');
INSERT INTO public.stream (id, log_time, egv, log_id, date_created) VALUES (32738, 165001, 74, 130, '2018-05-18 22:26:41.157237');
INSERT INTO public.stream (id, log_time, egv, log_id, date_created) VALUES (32739, 165301, 67, 130, '2018-05-18 22:26:41.157962');
INSERT INTO public.stream (id, log_time, egv, log_id, date_created) VALUES (32740, 165601, 61, 130, '2018-05-18 22:26:41.15856');
INSERT INTO public.stream (id, log_time, egv, log_id, date_created) VALUES (32741, 165901, 57, 130, '2018-05-18 22:26:41.159235');
INSERT INTO public.stream (id, log_time, egv, log_id, date_created) VALUES (32742, 166201, 56, 130, '2018-05-18 22:26:41.159846');
INSERT INTO public.stream (id, log_time, egv, log_id, date_created) VALUES (32743, 166501, 57, 130, '2018-05-18 22:26:41.160497');
INSERT INTO public.stream (id, log_time, egv, log_id, date_created) VALUES (32744, 166801, 59, 130, '2018-05-18 22:26:41.161113');
INSERT INTO public.stream (id, log_time, egv, log_id, date_created) VALUES (32745, 167101, 64, 130, '2018-05-18 22:26:41.161704');
INSERT INTO public.stream (id, log_time, egv, log_id, date_created) VALUES (32746, 167401, 71, 130, '2018-05-18 22:26:41.162307');
INSERT INTO public.stream (id, log_time, egv, log_id, date_created) VALUES (32747, 167701, 80, 130, '2018-05-18 22:26:41.162897');
INSERT INTO public.stream (id, log_time, egv, log_id, date_created) VALUES (32748, 168001, 90, 130, '2018-05-18 22:26:41.163509');
INSERT INTO public.stream (id, log_time, egv, log_id, date_created) VALUES (32749, 168301, 101, 130, '2018-05-18 22:26:41.164061');
INSERT INTO public.stream (id, log_time, egv, log_id, date_created) VALUES (32750, 168601, 113, 130, '2018-05-18 22:26:41.164656');
INSERT INTO public.stream (id, log_time, egv, log_id, date_created) VALUES (32751, 168901, 125, 130, '2018-05-18 22:26:41.165111');
INSERT INTO public.stream (id, log_time, egv, log_id, date_created) VALUES (32752, 169201, 137, 130, '2018-05-18 22:26:41.165755');
INSERT INTO public.stream (id, log_time, egv, log_id, date_created) VALUES (32753, 169501, 150, 130, '2018-05-18 22:26:41.166333');
INSERT INTO public.stream (id, log_time, egv, log_id, date_created) VALUES (32754, 169801, 161, 130, '2018-05-18 22:26:41.166781');
INSERT INTO public.stream (id, log_time, egv, log_id, date_created) VALUES (32755, 170101, 172, 130, '2018-05-18 22:26:41.167504');
INSERT INTO public.stream (id, log_time, egv, log_id, date_created) VALUES (32756, 170401, 181, 130, '2018-05-18 22:26:41.167968');
INSERT INTO public.stream (id, log_time, egv, log_id, date_created) VALUES (32757, 170701, 188, 130, '2018-05-18 22:26:41.168696');
INSERT INTO public.stream (id, log_time, egv, log_id, date_created) VALUES (32758, 171001, 194, 130, '2018-05-18 22:26:41.169209');
INSERT INTO public.stream (id, log_time, egv, log_id, date_created) VALUES (32759, 171301, 198, 130, '2018-05-18 22:26:41.169977');
INSERT INTO public.stream (id, log_time, egv, log_id, date_created) VALUES (32760, 171601, 199, 130, '2018-05-18 22:26:41.170671');
INSERT INTO public.stream (id, log_time, egv, log_id, date_created) VALUES (32761, 171901, 198, 130, '2018-05-18 22:26:41.171178');
INSERT INTO public.stream (id, log_time, egv, log_id, date_created) VALUES (32762, 172201, 196, 130, '2018-05-18 22:26:41.171879');
INSERT INTO public.stream (id, log_time, egv, log_id, date_created) VALUES (32763, 172501, 191, 130, '2018-05-18 22:26:41.172402');
INSERT INTO public.stream (id, log_time, egv, log_id, date_created) VALUES (32764, 172801, 184, 130, '2018-05-18 22:26:41.172921');
INSERT INTO public.stream (id, log_time, egv, log_id, date_created) VALUES (32765, 173101, 175, 130, '2018-05-18 22:26:41.173438');
INSERT INTO public.stream (id, log_time, egv, log_id, date_created) VALUES (32766, 173401, 165, 130, '2018-05-18 22:26:41.174181');
INSERT INTO public.stream (id, log_time, egv, log_id, date_created) VALUES (32767, 173701, 154, 130, '2018-05-18 22:26:41.174903');
INSERT INTO public.stream (id, log_time, egv, log_id, date_created) VALUES (32768, 174001, 142, 130, '2018-05-18 22:26:41.175408');
INSERT INTO public.stream (id, log_time, egv, log_id, date_created) VALUES (32769, 174301, 130, 130, '2018-05-18 22:26:41.17596');
INSERT INTO public.stream (id, log_time, egv, log_id, date_created) VALUES (32770, 174601, 118, 130, '2018-05-18 22:26:41.176466');
INSERT INTO public.stream (id, log_time, egv, log_id, date_created) VALUES (32771, 174901, 105, 130, '2018-05-18 22:26:41.176948');
INSERT INTO public.stream (id, log_time, egv, log_id, date_created) VALUES (32772, 175201, 94, 130, '2018-05-18 22:26:41.177435');
INSERT INTO public.stream (id, log_time, egv, log_id, date_created) VALUES (32773, 175501, 83, 130, '2018-05-18 22:26:41.177953');
INSERT INTO public.stream (id, log_time, egv, log_id, date_created) VALUES (32774, 175801, 74, 130, '2018-05-18 22:26:41.178461');
INSERT INTO public.stream (id, log_time, egv, log_id, date_created) VALUES (32775, 176101, 67, 130, '2018-05-18 22:26:41.178962');
INSERT INTO public.stream (id, log_time, egv, log_id, date_created) VALUES (32776, 176401, 61, 130, '2018-05-18 22:26:41.179454');
INSERT INTO public.stream (id, log_time, egv, log_id, date_created) VALUES (32777, 176701, 57, 130, '2018-05-18 22:26:41.180025');
INSERT INTO public.stream (id, log_time, egv, log_id, date_created) VALUES (32328, 866659, 1, 128, '2018-05-18 13:23:12.939593');
INSERT INTO public.stream (id, log_time, egv, log_id, date_created) VALUES (32599, 939855, 1, 130, '2018-05-18 22:26:13.831646');
INSERT INTO public.stream (id, log_time, egv, log_id, date_created) VALUES (32600, 123601, 60, 130, '2018-05-18 22:26:23.047276');
INSERT INTO public.stream (id, log_time, egv, log_id, date_created) VALUES (32601, 123901, 65, 130, '2018-05-18 22:26:25.109484');
INSERT INTO public.stream (id, log_time, egv, log_id, date_created) VALUES (32602, 124201, 71, 130, '2018-05-18 22:26:27.299285');
INSERT INTO public.stream (id, log_time, egv, log_id, date_created) VALUES (32603, 124501, 80, 130, '2018-05-18 22:26:32.710674');
INSERT INTO public.stream (id, log_time, egv, log_id, date_created) VALUES (32604, 124801, 90, 130, '2018-05-18 22:26:34.907333');
INSERT INTO public.stream (id, log_time, egv, log_id, date_created) VALUES (32605, 125101, 102, 130, '2018-05-18 22:26:37.756494');
INSERT INTO public.stream (id, log_time, egv, log_id, date_created) VALUES (32606, 125401, 114, 130, '2018-05-18 22:26:41.040471');
INSERT INTO public.stream (id, log_time, egv, log_id, date_created) VALUES (32607, 125701, 126, 130, '2018-05-18 22:26:41.043164');
INSERT INTO public.stream (id, log_time, egv, log_id, date_created) VALUES (32608, 126001, 139, 130, '2018-05-18 22:26:41.044662');
INSERT INTO public.stream (id, log_time, egv, log_id, date_created) VALUES (32609, 126301, 151, 130, '2018-05-18 22:26:41.045659');
INSERT INTO public.stream (id, log_time, egv, log_id, date_created) VALUES (32610, 126601, 163, 130, '2018-05-18 22:26:41.046957');
INSERT INTO public.stream (id, log_time, egv, log_id, date_created) VALUES (32611, 126901, 174, 130, '2018-05-18 22:26:41.048025');
INSERT INTO public.stream (id, log_time, egv, log_id, date_created) VALUES (32612, 127201, 183, 130, '2018-05-18 22:26:41.048719');
INSERT INTO public.stream (id, log_time, egv, log_id, date_created) VALUES (32613, 127501, 191, 130, '2018-05-18 22:26:41.050173');
INSERT INTO public.stream (id, log_time, egv, log_id, date_created) VALUES (32614, 127801, 196, 130, '2018-05-18 22:26:41.051406');
INSERT INTO public.stream (id, log_time, egv, log_id, date_created) VALUES (32615, 128101, 200, 130, '2018-05-18 22:26:41.052454');
INSERT INTO public.stream (id, log_time, egv, log_id, date_created) VALUES (32616, 128401, 202, 130, '2018-05-18 22:26:41.053577');
INSERT INTO public.stream (id, log_time, egv, log_id, date_created) VALUES (32617, 128701, 201, 130, '2018-05-18 22:26:41.054745');
INSERT INTO public.stream (id, log_time, egv, log_id, date_created) VALUES (32618, 129001, 198, 130, '2018-05-18 22:26:41.055507');
INSERT INTO public.stream (id, log_time, egv, log_id, date_created) VALUES (32619, 129301, 193, 130, '2018-05-18 22:26:41.056568');
INSERT INTO public.stream (id, log_time, egv, log_id, date_created) VALUES (32620, 129601, 186, 130, '2018-05-18 22:26:41.057577');
INSERT INTO public.stream (id, log_time, egv, log_id, date_created) VALUES (32621, 129901, 178, 130, '2018-05-18 22:26:41.058242');
INSERT INTO public.stream (id, log_time, egv, log_id, date_created) VALUES (32622, 130201, 167, 130, '2018-05-18 22:26:41.059133');
INSERT INTO public.stream (id, log_time, egv, log_id, date_created) VALUES (32623, 130501, 156, 130, '2018-05-18 22:26:41.060111');
INSERT INTO public.stream (id, log_time, egv, log_id, date_created) VALUES (32624, 130801, 144, 130, '2018-05-18 22:26:41.060905');
INSERT INTO public.stream (id, log_time, egv, log_id, date_created) VALUES (32625, 131101, 131, 130, '2018-05-18 22:26:41.061645');
INSERT INTO public.stream (id, log_time, egv, log_id, date_created) VALUES (32626, 131401, 119, 130, '2018-05-18 22:26:41.062466');
INSERT INTO public.stream (id, log_time, egv, log_id, date_created) VALUES (32627, 131701, 106, 130, '2018-05-18 22:26:41.06319');
INSERT INTO public.stream (id, log_time, egv, log_id, date_created) VALUES (32628, 132001, 95, 130, '2018-05-18 22:26:41.063943');
INSERT INTO public.stream (id, log_time, egv, log_id, date_created) VALUES (32629, 132301, 84, 130, '2018-05-18 22:26:41.064698');
INSERT INTO public.stream (id, log_time, egv, log_id, date_created) VALUES (32630, 132601, 75, 130, '2018-05-18 22:26:41.065364');
INSERT INTO public.stream (id, log_time, egv, log_id, date_created) VALUES (32631, 132901, 67, 130, '2018-05-18 22:26:41.066433');
INSERT INTO public.stream (id, log_time, egv, log_id, date_created) VALUES (32632, 133201, 61, 130, '2018-05-18 22:26:41.067492');
INSERT INTO public.stream (id, log_time, egv, log_id, date_created) VALUES (32633, 133501, 58, 130, '2018-05-18 22:26:41.068464');
INSERT INTO public.stream (id, log_time, egv, log_id, date_created) VALUES (32634, 133801, 56, 130, '2018-05-18 22:26:41.069594');
INSERT INTO public.stream (id, log_time, egv, log_id, date_created) VALUES (32635, 134101, 57, 130, '2018-05-18 22:26:41.070411');
INSERT INTO public.stream (id, log_time, egv, log_id, date_created) VALUES (32636, 134401, 60, 130, '2018-05-18 22:26:41.072046');
INSERT INTO public.stream (id, log_time, egv, log_id, date_created) VALUES (32637, 134701, 64, 130, '2018-05-18 22:26:41.072822');
INSERT INTO public.stream (id, log_time, egv, log_id, date_created) VALUES (32638, 135001, 71, 130, '2018-05-18 22:26:41.073464');
INSERT INTO public.stream (id, log_time, egv, log_id, date_created) VALUES (32639, 135301, 80, 130, '2018-05-18 22:26:41.074092');
INSERT INTO public.stream (id, log_time, egv, log_id, date_created) VALUES (32640, 135601, 90, 130, '2018-05-18 22:26:41.074753');
INSERT INTO public.stream (id, log_time, egv, log_id, date_created) VALUES (32641, 135901, 101, 130, '2018-05-18 22:26:41.075692');
INSERT INTO public.stream (id, log_time, egv, log_id, date_created) VALUES (32642, 136201, 113, 130, '2018-05-18 22:26:41.076377');
INSERT INTO public.stream (id, log_time, egv, log_id, date_created) VALUES (32643, 136501, 126, 130, '2018-05-18 22:26:41.077077');
INSERT INTO public.stream (id, log_time, egv, log_id, date_created) VALUES (32644, 136801, 139, 130, '2018-05-18 22:26:41.077728');
INSERT INTO public.stream (id, log_time, egv, log_id, date_created) VALUES (32645, 137101, 151, 130, '2018-05-18 22:26:41.078356');
INSERT INTO public.stream (id, log_time, egv, log_id, date_created) VALUES (32646, 137401, 163, 130, '2018-05-18 22:26:41.079093');
INSERT INTO public.stream (id, log_time, egv, log_id, date_created) VALUES (32647, 137701, 173, 130, '2018-05-18 22:26:41.079863');
INSERT INTO public.stream (id, log_time, egv, log_id, date_created) VALUES (32648, 138001, 182, 130, '2018-05-18 22:26:41.08057');
INSERT INTO public.stream (id, log_time, egv, log_id, date_created) VALUES (32649, 138301, 190, 130, '2018-05-18 22:26:41.081153');
INSERT INTO public.stream (id, log_time, egv, log_id, date_created) VALUES (32650, 138601, 196, 130, '2018-05-18 22:26:41.081948');
INSERT INTO public.stream (id, log_time, egv, log_id, date_created) VALUES (32651, 138901, 199, 130, '2018-05-18 22:26:41.082758');
INSERT INTO public.stream (id, log_time, egv, log_id, date_created) VALUES (32652, 139201, 201, 130, '2018-05-18 22:26:41.083612');
INSERT INTO public.stream (id, log_time, egv, log_id, date_created) VALUES (32653, 139501, 200, 130, '2018-05-18 22:26:41.084176');
INSERT INTO public.stream (id, log_time, egv, log_id, date_created) VALUES (32654, 139801, 197, 130, '2018-05-18 22:26:41.084886');
INSERT INTO public.stream (id, log_time, egv, log_id, date_created) VALUES (32655, 140101, 192, 130, '2018-05-18 22:26:41.08574');
INSERT INTO public.stream (id, log_time, egv, log_id, date_created) VALUES (32656, 140401, 186, 130, '2018-05-18 22:26:41.086429');
INSERT INTO public.stream (id, log_time, egv, log_id, date_created) VALUES (32657, 140701, 177, 130, '2018-05-18 22:26:41.08706');
INSERT INTO public.stream (id, log_time, egv, log_id, date_created) VALUES (32658, 141001, 167, 130, '2018-05-18 22:26:41.087676');
INSERT INTO public.stream (id, log_time, egv, log_id, date_created) VALUES (32659, 141301, 156, 130, '2018-05-18 22:26:41.08867');
INSERT INTO public.stream (id, log_time, egv, log_id, date_created) VALUES (32660, 141601, 143, 130, '2018-05-18 22:26:41.089775');
INSERT INTO public.stream (id, log_time, egv, log_id, date_created) VALUES (32661, 141901, 131, 130, '2018-05-18 22:26:41.09047');
INSERT INTO public.stream (id, log_time, egv, log_id, date_created) VALUES (32662, 142201, 118, 130, '2018-05-18 22:26:41.091266');
INSERT INTO public.stream (id, log_time, egv, log_id, date_created) VALUES (32663, 142501, 106, 130, '2018-05-18 22:26:41.09199');
INSERT INTO public.stream (id, log_time, egv, log_id, date_created) VALUES (32664, 142801, 94, 130, '2018-05-18 22:26:41.092672');
INSERT INTO public.stream (id, log_time, egv, log_id, date_created) VALUES (32665, 143101, 84, 130, '2018-05-18 22:26:41.093387');
INSERT INTO public.stream (id, log_time, egv, log_id, date_created) VALUES (32666, 143401, 75, 130, '2018-05-18 22:26:41.09409');
INSERT INTO public.stream (id, log_time, egv, log_id, date_created) VALUES (32667, 143701, 67, 130, '2018-05-18 22:26:41.094751');
INSERT INTO public.stream (id, log_time, egv, log_id, date_created) VALUES (32668, 144001, 61, 130, '2018-05-18 22:26:41.095422');
INSERT INTO public.stream (id, log_time, egv, log_id, date_created) VALUES (32669, 144301, 58, 130, '2018-05-18 22:26:41.096261');
INSERT INTO public.stream (id, log_time, egv, log_id, date_created) VALUES (32670, 144601, 56, 130, '2018-05-18 22:26:41.097108');
INSERT INTO public.stream (id, log_time, egv, log_id, date_created) VALUES (32671, 144901, 57, 130, '2018-05-18 22:26:41.097864');
INSERT INTO public.stream (id, log_time, egv, log_id, date_created) VALUES (32672, 145201, 59, 130, '2018-05-18 22:26:41.098493');
INSERT INTO public.stream (id, log_time, egv, log_id, date_created) VALUES (32673, 145501, 64, 130, '2018-05-18 22:26:41.099637');
INSERT INTO public.stream (id, log_time, egv, log_id, date_created) VALUES (32674, 145801, 71, 130, '2018-05-18 22:26:41.100494');
INSERT INTO public.stream (id, log_time, egv, log_id, date_created) VALUES (32675, 146101, 80, 130, '2018-05-18 22:26:41.106156');
INSERT INTO public.stream (id, log_time, egv, log_id, date_created) VALUES (32676, 146401, 90, 130, '2018-05-18 22:26:41.106935');
INSERT INTO public.stream (id, log_time, egv, log_id, date_created) VALUES (32677, 146701, 101, 130, '2018-05-18 22:26:41.107629');
INSERT INTO public.stream (id, log_time, egv, log_id, date_created) VALUES (32678, 147001, 113, 130, '2018-05-18 22:26:41.108295');
INSERT INTO public.stream (id, log_time, egv, log_id, date_created) VALUES (32679, 147301, 126, 130, '2018-05-18 22:26:41.109017');
INSERT INTO public.stream (id, log_time, egv, log_id, date_created) VALUES (32680, 147601, 138, 130, '2018-05-18 22:26:41.109682');
INSERT INTO public.stream (id, log_time, egv, log_id, date_created) VALUES (32681, 147901, 150, 130, '2018-05-18 22:26:41.11074');
INSERT INTO public.stream (id, log_time, egv, log_id, date_created) VALUES (32682, 148201, 162, 130, '2018-05-18 22:26:41.11161');
INSERT INTO public.stream (id, log_time, egv, log_id, date_created) VALUES (32683, 148501, 173, 130, '2018-05-18 22:26:41.112423');
INSERT INTO public.stream (id, log_time, egv, log_id, date_created) VALUES (32684, 148801, 182, 130, '2018-05-18 22:26:41.11308');
INSERT INTO public.stream (id, log_time, egv, log_id, date_created) VALUES (32685, 149101, 189, 130, '2018-05-18 22:26:41.113688');
INSERT INTO public.stream (id, log_time, egv, log_id, date_created) VALUES (32686, 149401, 195, 130, '2018-05-18 22:26:41.114227');
INSERT INTO public.stream (id, log_time, egv, log_id, date_created) VALUES (32687, 149701, 199, 130, '2018-05-18 22:26:41.114833');
INSERT INTO public.stream (id, log_time, egv, log_id, date_created) VALUES (32688, 150001, 200, 130, '2018-05-18 22:26:41.115387');
INSERT INTO public.stream (id, log_time, egv, log_id, date_created) VALUES (32689, 150301, 200, 130, '2018-05-18 22:26:41.116047');
INSERT INTO public.stream (id, log_time, egv, log_id, date_created) VALUES (32690, 150601, 197, 130, '2018-05-18 22:26:41.116668');
INSERT INTO public.stream (id, log_time, egv, log_id, date_created) VALUES (32691, 150901, 192, 130, '2018-05-18 22:26:41.119116');
INSERT INTO public.stream (id, log_time, egv, log_id, date_created) VALUES (32692, 151201, 185, 130, '2018-05-18 22:26:41.119884');
INSERT INTO public.stream (id, log_time, egv, log_id, date_created) VALUES (32693, 151501, 176, 130, '2018-05-18 22:26:41.120675');
INSERT INTO public.stream (id, log_time, egv, log_id, date_created) VALUES (32694, 151801, 166, 130, '2018-05-18 22:26:41.121424');
INSERT INTO public.stream (id, log_time, egv, log_id, date_created) VALUES (32695, 152101, 155, 130, '2018-05-18 22:26:41.122088');
INSERT INTO public.stream (id, log_time, egv, log_id, date_created) VALUES (32696, 152401, 143, 130, '2018-05-18 22:26:41.12272');
INSERT INTO public.stream (id, log_time, egv, log_id, date_created) VALUES (32697, 152701, 131, 130, '2018-05-18 22:26:41.123328');
INSERT INTO public.stream (id, log_time, egv, log_id, date_created) VALUES (32698, 153001, 118, 130, '2018-05-18 22:26:41.123916');
INSERT INTO public.stream (id, log_time, egv, log_id, date_created) VALUES (32699, 153301, 106, 130, '2018-05-18 22:26:41.124625');
INSERT INTO public.stream (id, log_time, egv, log_id, date_created) VALUES (32700, 153601, 94, 130, '2018-05-18 22:26:41.125232');
INSERT INTO public.stream (id, log_time, egv, log_id, date_created) VALUES (32701, 153901, 84, 130, '2018-05-18 22:26:41.125953');
INSERT INTO public.stream (id, log_time, egv, log_id, date_created) VALUES (32702, 154201, 74, 130, '2018-05-18 22:26:41.126664');
INSERT INTO public.stream (id, log_time, egv, log_id, date_created) VALUES (32703, 154501, 67, 130, '2018-05-18 22:26:41.127444');
INSERT INTO public.stream (id, log_time, egv, log_id, date_created) VALUES (32704, 154801, 61, 130, '2018-05-18 22:26:41.128121');
INSERT INTO public.stream (id, log_time, egv, log_id, date_created) VALUES (32705, 155101, 58, 130, '2018-05-18 22:26:41.128768');
INSERT INTO public.stream (id, log_time, egv, log_id, date_created) VALUES (32706, 155401, 56, 130, '2018-05-18 22:26:41.129459');
INSERT INTO public.stream (id, log_time, egv, log_id, date_created) VALUES (32707, 155701, 57, 130, '2018-05-18 22:26:41.130322');
INSERT INTO public.stream (id, log_time, egv, log_id, date_created) VALUES (32708, 156001, 59, 130, '2018-05-18 22:26:41.131145');
INSERT INTO public.stream (id, log_time, egv, log_id, date_created) VALUES (32709, 156301, 64, 130, '2018-05-18 22:26:41.131722');
INSERT INTO public.stream (id, log_time, egv, log_id, date_created) VALUES (32710, 156601, 71, 130, '2018-05-18 22:26:41.13232');
INSERT INTO public.stream (id, log_time, egv, log_id, date_created) VALUES (32711, 156901, 80, 130, '2018-05-18 22:26:41.132876');
INSERT INTO public.stream (id, log_time, egv, log_id, date_created) VALUES (32712, 157201, 90, 130, '2018-05-18 22:26:41.133423');
INSERT INTO public.stream (id, log_time, egv, log_id, date_created) VALUES (32713, 157501, 101, 130, '2018-05-18 22:26:41.133999');
INSERT INTO public.stream (id, log_time, egv, log_id, date_created) VALUES (32714, 157801, 113, 130, '2018-05-18 22:26:41.134707');
INSERT INTO public.stream (id, log_time, egv, log_id, date_created) VALUES (32715, 158101, 125, 130, '2018-05-18 22:26:41.135356');
INSERT INTO public.stream (id, log_time, egv, log_id, date_created) VALUES (32716, 158401, 138, 130, '2018-05-18 22:26:41.136056');
INSERT INTO public.stream (id, log_time, egv, log_id, date_created) VALUES (32717, 158701, 150, 130, '2018-05-18 22:26:41.136658');
INSERT INTO public.stream (id, log_time, egv, log_id, date_created) VALUES (32778, 177001, 56, 130, '2018-05-18 22:26:41.180501');
INSERT INTO public.stream (id, log_time, egv, log_id, date_created) VALUES (32779, 177301, 57, 130, '2018-05-18 22:26:41.181792');
INSERT INTO public.stream (id, log_time, egv, log_id, date_created) VALUES (32780, 177601, 59, 130, '2018-05-18 22:26:41.182511');
INSERT INTO public.stream (id, log_time, egv, log_id, date_created) VALUES (32781, 177901, 64, 130, '2018-05-18 22:26:41.18327');
INSERT INTO public.stream (id, log_time, egv, log_id, date_created) VALUES (32782, 178201, 71, 130, '2018-05-18 22:26:41.183943');
INSERT INTO public.stream (id, log_time, egv, log_id, date_created) VALUES (32783, 178501, 79, 130, '2018-05-18 22:26:41.184814');
INSERT INTO public.stream (id, log_time, egv, log_id, date_created) VALUES (32784, 178801, 89, 130, '2018-05-18 22:26:41.18547');
INSERT INTO public.stream (id, log_time, egv, log_id, date_created) VALUES (32785, 179101, 100, 130, '2018-05-18 22:26:41.186268');
INSERT INTO public.stream (id, log_time, egv, log_id, date_created) VALUES (32786, 179401, 112, 130, '2018-05-18 22:26:41.18706');
INSERT INTO public.stream (id, log_time, egv, log_id, date_created) VALUES (32787, 179701, 125, 130, '2018-05-18 22:26:41.187629');
INSERT INTO public.stream (id, log_time, egv, log_id, date_created) VALUES (32788, 180001, 137, 130, '2018-05-18 22:26:41.188332');
INSERT INTO public.stream (id, log_time, egv, log_id, date_created) VALUES (32789, 180301, 149, 130, '2018-05-18 22:26:41.188824');
INSERT INTO public.stream (id, log_time, egv, log_id, date_created) VALUES (32790, 180601, 161, 130, '2018-05-18 22:26:41.189394');
INSERT INTO public.stream (id, log_time, egv, log_id, date_created) VALUES (32791, 180901, 171, 130, '2018-05-18 22:26:41.189926');
INSERT INTO public.stream (id, log_time, egv, log_id, date_created) VALUES (32792, 181201, 180, 130, '2018-05-18 22:26:41.190499');
INSERT INTO public.stream (id, log_time, egv, log_id, date_created) VALUES (32793, 181501, 188, 130, '2018-05-18 22:26:41.191312');
INSERT INTO public.stream (id, log_time, egv, log_id, date_created) VALUES (32794, 181801, 193, 130, '2018-05-18 22:26:41.192083');
INSERT INTO public.stream (id, log_time, egv, log_id, date_created) VALUES (32795, 182101, 197, 130, '2018-05-18 22:26:41.192851');
INSERT INTO public.stream (id, log_time, egv, log_id, date_created) VALUES (32796, 182401, 199, 130, '2018-05-18 22:26:41.193358');
INSERT INTO public.stream (id, log_time, egv, log_id, date_created) VALUES (32797, 182701, 198, 130, '2018-05-18 22:26:41.19396');
INSERT INTO public.stream (id, log_time, egv, log_id, date_created) VALUES (32798, 183001, 195, 130, '2018-05-18 22:26:41.194671');
INSERT INTO public.stream (id, log_time, egv, log_id, date_created) VALUES (32799, 183301, 190, 130, '2018-05-18 22:26:41.195418');
INSERT INTO public.stream (id, log_time, egv, log_id, date_created) VALUES (32800, 183601, 183, 130, '2018-05-18 22:26:41.196155');
INSERT INTO public.stream (id, log_time, egv, log_id, date_created) VALUES (32801, 183901, 175, 130, '2018-05-18 22:26:41.196903');
INSERT INTO public.stream (id, log_time, egv, log_id, date_created) VALUES (32802, 184201, 165, 130, '2018-05-18 22:26:41.197394');
INSERT INTO public.stream (id, log_time, egv, log_id, date_created) VALUES (32803, 184501, 154, 130, '2018-05-18 22:26:41.197859');
INSERT INTO public.stream (id, log_time, egv, log_id, date_created) VALUES (32804, 184801, 142, 130, '2018-05-18 22:26:41.198412');
INSERT INTO public.stream (id, log_time, egv, log_id, date_created) VALUES (32805, 185101, 130, 130, '2018-05-18 22:26:41.198971');
INSERT INTO public.stream (id, log_time, egv, log_id, date_created) VALUES (32806, 185401, 117, 130, '2018-05-18 22:26:41.199472');
INSERT INTO public.stream (id, log_time, egv, log_id, date_created) VALUES (32807, 185701, 105, 130, '2018-05-18 22:26:41.200065');
INSERT INTO public.stream (id, log_time, egv, log_id, date_created) VALUES (32808, 186001, 94, 130, '2018-05-18 22:26:41.200665');
INSERT INTO public.stream (id, log_time, egv, log_id, date_created) VALUES (32809, 186301, 83, 130, '2018-05-18 22:26:41.201391');
INSERT INTO public.stream (id, log_time, egv, log_id, date_created) VALUES (32810, 186601, 74, 130, '2018-05-18 22:26:41.201928');
INSERT INTO public.stream (id, log_time, egv, log_id, date_created) VALUES (32811, 186901, 67, 130, '2018-05-18 22:26:41.202471');
INSERT INTO public.stream (id, log_time, egv, log_id, date_created) VALUES (32812, 187201, 61, 130, '2018-05-18 22:26:41.203292');
INSERT INTO public.stream (id, log_time, egv, log_id, date_created) VALUES (32813, 187501, 57, 130, '2018-05-18 22:26:41.203914');
INSERT INTO public.stream (id, log_time, egv, log_id, date_created) VALUES (32814, 187801, 56, 130, '2018-05-18 22:26:41.204669');
INSERT INTO public.stream (id, log_time, egv, log_id, date_created) VALUES (32815, 188101, 56, 130, '2018-05-18 22:26:41.20544');
INSERT INTO public.stream (id, log_time, egv, log_id, date_created) VALUES (32816, 188401, 59, 130, '2018-05-18 22:26:41.206041');
INSERT INTO public.stream (id, log_time, egv, log_id, date_created) VALUES (32817, 188701, 64, 130, '2018-05-18 22:26:41.206589');
INSERT INTO public.stream (id, log_time, egv, log_id, date_created) VALUES (32818, 189001, 71, 130, '2018-05-18 22:26:41.207108');
INSERT INTO public.stream (id, log_time, egv, log_id, date_created) VALUES (32819, 189301, 79, 130, '2018-05-18 22:26:41.207735');
INSERT INTO public.stream (id, log_time, egv, log_id, date_created) VALUES (32820, 189601, 89, 130, '2018-05-18 22:26:41.208482');
INSERT INTO public.stream (id, log_time, egv, log_id, date_created) VALUES (32821, 189901, 100, 130, '2018-05-18 22:26:41.209021');
INSERT INTO public.stream (id, log_time, egv, log_id, date_created) VALUES (32822, 190201, 112, 130, '2018-05-18 22:26:41.209678');
INSERT INTO public.stream (id, log_time, egv, log_id, date_created) VALUES (32823, 190501, 124, 130, '2018-05-18 22:26:41.210273');
INSERT INTO public.stream (id, log_time, egv, log_id, date_created) VALUES (32824, 190801, 137, 130, '2018-05-18 22:26:41.210842');
INSERT INTO public.stream (id, log_time, egv, log_id, date_created) VALUES (32825, 191101, 149, 130, '2018-05-18 22:26:41.211488');
INSERT INTO public.stream (id, log_time, egv, log_id, date_created) VALUES (32826, 191401, 160, 130, '2018-05-18 22:26:41.212113');
INSERT INTO public.stream (id, log_time, egv, log_id, date_created) VALUES (32827, 191701, 171, 130, '2018-05-18 22:26:41.21273');
INSERT INTO public.stream (id, log_time, egv, log_id, date_created) VALUES (32828, 192001, 180, 130, '2018-05-18 22:26:41.213328');
INSERT INTO public.stream (id, log_time, egv, log_id, date_created) VALUES (32829, 192301, 187, 130, '2018-05-18 22:26:41.2139');
INSERT INTO public.stream (id, log_time, egv, log_id, date_created) VALUES (32830, 192601, 193, 130, '2018-05-18 22:26:41.214575');
INSERT INTO public.stream (id, log_time, egv, log_id, date_created) VALUES (32831, 192901, 197, 130, '2018-05-18 22:26:41.215178');
INSERT INTO public.stream (id, log_time, egv, log_id, date_created) VALUES (32832, 193201, 198, 130, '2018-05-18 22:26:41.215909');
INSERT INTO public.stream (id, log_time, egv, log_id, date_created) VALUES (32833, 193501, 197, 130, '2018-05-18 22:26:41.216639');
INSERT INTO public.stream (id, log_time, egv, log_id, date_created) VALUES (32834, 193801, 195, 130, '2018-05-18 22:26:41.217493');
INSERT INTO public.stream (id, log_time, egv, log_id, date_created) VALUES (32835, 194101, 190, 130, '2018-05-18 22:26:41.218324');
INSERT INTO public.stream (id, log_time, egv, log_id, date_created) VALUES (32836, 194401, 183, 130, '2018-05-18 22:26:41.219144');
INSERT INTO public.stream (id, log_time, egv, log_id, date_created) VALUES (32837, 194701, 175, 130, '2018-05-18 22:26:41.219749');
INSERT INTO public.stream (id, log_time, egv, log_id, date_created) VALUES (32838, 195001, 165, 130, '2018-05-18 22:26:41.220586');
INSERT INTO public.stream (id, log_time, egv, log_id, date_created) VALUES (32839, 195301, 154, 130, '2018-05-18 22:26:41.221437');
INSERT INTO public.stream (id, log_time, egv, log_id, date_created) VALUES (32840, 195601, 142, 130, '2018-05-18 22:26:41.222088');
INSERT INTO public.stream (id, log_time, egv, log_id, date_created) VALUES (32841, 195901, 129, 130, '2018-05-18 22:26:41.222648');
INSERT INTO public.stream (id, log_time, egv, log_id, date_created) VALUES (32842, 196201, 117, 130, '2018-05-18 22:26:41.223204');
INSERT INTO public.stream (id, log_time, egv, log_id, date_created) VALUES (32843, 196501, 105, 130, '2018-05-18 22:26:41.223839');
INSERT INTO public.stream (id, log_time, egv, log_id, date_created) VALUES (32844, 196801, 94, 130, '2018-05-18 22:26:41.224544');
INSERT INTO public.stream (id, log_time, egv, log_id, date_created) VALUES (32845, 197101, 83, 130, '2018-05-18 22:26:41.225082');
INSERT INTO public.stream (id, log_time, egv, log_id, date_created) VALUES (32846, 197401, 74, 130, '2018-05-18 22:26:41.225616');
INSERT INTO public.stream (id, log_time, egv, log_id, date_created) VALUES (32847, 197701, 67, 130, '2018-05-18 22:26:41.226184');
INSERT INTO public.stream (id, log_time, egv, log_id, date_created) VALUES (32848, 198001, 61, 130, '2018-05-18 22:26:41.22674');
INSERT INTO public.stream (id, log_time, egv, log_id, date_created) VALUES (32849, 198301, 57, 130, '2018-05-18 22:26:41.227291');
INSERT INTO public.stream (id, log_time, egv, log_id, date_created) VALUES (32850, 198601, 56, 130, '2018-05-18 22:26:41.227841');
INSERT INTO public.stream (id, log_time, egv, log_id, date_created) VALUES (32851, 198901, 56, 130, '2018-05-18 22:26:41.228379');
INSERT INTO public.stream (id, log_time, egv, log_id, date_created) VALUES (32852, 199201, 59, 130, '2018-05-18 22:26:41.228871');
INSERT INTO public.stream (id, log_time, egv, log_id, date_created) VALUES (32853, 199501, 64, 130, '2018-05-18 22:26:41.229412');
INSERT INTO public.stream (id, log_time, egv, log_id, date_created) VALUES (32854, 199801, 71, 130, '2018-05-18 22:26:41.22995');
INSERT INTO public.stream (id, log_time, egv, log_id, date_created) VALUES (32855, 200101, 79, 130, '2018-05-18 22:26:41.230477');
INSERT INTO public.stream (id, log_time, egv, log_id, date_created) VALUES (32856, 200401, 89, 130, '2018-05-18 22:26:41.230966');
INSERT INTO public.stream (id, log_time, egv, log_id, date_created) VALUES (32857, 200701, 100, 130, '2018-05-18 22:26:41.231506');
INSERT INTO public.stream (id, log_time, egv, log_id, date_created) VALUES (32858, 201001, 112, 130, '2018-05-18 22:26:41.232043');
INSERT INTO public.stream (id, log_time, egv, log_id, date_created) VALUES (32859, 201301, 124, 130, '2018-05-18 22:26:41.232538');
INSERT INTO public.stream (id, log_time, egv, log_id, date_created) VALUES (32860, 201601, 137, 130, '2018-05-18 22:26:41.23305');
INSERT INTO public.stream (id, log_time, egv, log_id, date_created) VALUES (32861, 201901, 149, 130, '2018-05-18 22:26:41.233571');
INSERT INTO public.stream (id, log_time, egv, log_id, date_created) VALUES (32862, 202201, 160, 130, '2018-05-18 22:26:41.234106');
INSERT INTO public.stream (id, log_time, egv, log_id, date_created) VALUES (32863, 202501, 170, 130, '2018-05-18 22:26:41.234636');
INSERT INTO public.stream (id, log_time, egv, log_id, date_created) VALUES (32864, 202801, 179, 130, '2018-05-18 22:26:41.235224');
INSERT INTO public.stream (id, log_time, egv, log_id, date_created) VALUES (32865, 203101, 187, 130, '2018-05-18 22:26:41.23577');
INSERT INTO public.stream (id, log_time, egv, log_id, date_created) VALUES (32866, 203401, 192, 130, '2018-05-18 22:26:41.236272');
INSERT INTO public.stream (id, log_time, egv, log_id, date_created) VALUES (32867, 203701, 196, 130, '2018-05-18 22:26:41.236774');
INSERT INTO public.stream (id, log_time, egv, log_id, date_created) VALUES (32868, 204001, 198, 130, '2018-05-18 22:26:41.237341');
INSERT INTO public.stream (id, log_time, egv, log_id, date_created) VALUES (32869, 204301, 197, 130, '2018-05-18 22:26:41.237941');
INSERT INTO public.stream (id, log_time, egv, log_id, date_created) VALUES (32870, 204601, 194, 130, '2018-05-18 22:26:41.238469');
INSERT INTO public.stream (id, log_time, egv, log_id, date_created) VALUES (32871, 204901, 189, 130, '2018-05-18 22:26:41.238999');
INSERT INTO public.stream (id, log_time, egv, log_id, date_created) VALUES (32872, 205201, 183, 130, '2018-05-18 22:26:41.239532');
INSERT INTO public.stream (id, log_time, egv, log_id, date_created) VALUES (32873, 205501, 174, 130, '2018-05-18 22:26:41.240021');
INSERT INTO public.stream (id, log_time, egv, log_id, date_created) VALUES (32874, 205801, 164, 130, '2018-05-18 22:26:41.240539');
INSERT INTO public.stream (id, log_time, egv, log_id, date_created) VALUES (32875, 206101, 153, 130, '2018-05-18 22:26:41.241107');
INSERT INTO public.stream (id, log_time, egv, log_id, date_created) VALUES (32876, 206401, 141, 130, '2018-05-18 22:26:41.241649');
INSERT INTO public.stream (id, log_time, egv, log_id, date_created) VALUES (32877, 206701, 129, 130, '2018-05-18 22:26:41.242181');
INSERT INTO public.stream (id, log_time, egv, log_id, date_created) VALUES (32878, 207001, 117, 130, '2018-05-18 22:26:41.242729');
INSERT INTO public.stream (id, log_time, egv, log_id, date_created) VALUES (32879, 207301, 105, 130, '2018-05-18 22:26:41.243256');
INSERT INTO public.stream (id, log_time, egv, log_id, date_created) VALUES (32880, 207601, 93, 130, '2018-05-18 22:26:41.243738');
INSERT INTO public.stream (id, log_time, egv, log_id, date_created) VALUES (32881, 207901, 83, 130, '2018-05-18 22:26:41.24424');
INSERT INTO public.stream (id, log_time, egv, log_id, date_created) VALUES (32882, 208201, 74, 130, '2018-05-18 22:26:41.244775');
INSERT INTO public.stream (id, log_time, egv, log_id, date_created) VALUES (32883, 208501, 67, 130, '2018-05-18 22:26:41.24536');
INSERT INTO public.stream (id, log_time, egv, log_id, date_created) VALUES (32884, 208801, 61, 130, '2018-05-18 22:26:41.246038');
INSERT INTO public.stream (id, log_time, egv, log_id, date_created) VALUES (32885, 209101, 57, 130, '2018-05-18 22:26:41.246659');
INSERT INTO public.stream (id, log_time, egv, log_id, date_created) VALUES (32886, 209401, 56, 130, '2018-05-18 22:26:41.247373');
INSERT INTO public.stream (id, log_time, egv, log_id, date_created) VALUES (32887, 209701, 56, 130, '2018-05-18 22:26:41.247989');
INSERT INTO public.stream (id, log_time, egv, log_id, date_created) VALUES (32888, 210001, 59, 130, '2018-05-18 22:26:41.248652');
INSERT INTO public.stream (id, log_time, egv, log_id, date_created) VALUES (32889, 210301, 64, 130, '2018-05-18 22:26:41.24947');
INSERT INTO public.stream (id, log_time, egv, log_id, date_created) VALUES (32890, 210601, 71, 130, '2018-05-18 22:26:41.250292');
INSERT INTO public.stream (id, log_time, egv, log_id, date_created) VALUES (32891, 210901, 79, 130, '2018-05-18 22:26:41.251136');
INSERT INTO public.stream (id, log_time, egv, log_id, date_created) VALUES (32892, 211201, 89, 130, '2018-05-18 22:26:41.251995');
INSERT INTO public.stream (id, log_time, egv, log_id, date_created) VALUES (32893, 211501, 100, 130, '2018-05-18 22:26:41.253017');
INSERT INTO public.stream (id, log_time, egv, log_id, date_created) VALUES (32894, 211801, 112, 130, '2018-05-18 22:26:41.253847');
INSERT INTO public.stream (id, log_time, egv, log_id, date_created) VALUES (32895, 212101, 124, 130, '2018-05-18 22:26:41.254678');
INSERT INTO public.stream (id, log_time, egv, log_id, date_created) VALUES (32896, 212401, 136, 130, '2018-05-18 22:26:41.255436');
INSERT INTO public.stream (id, log_time, egv, log_id, date_created) VALUES (32897, 212701, 148, 130, '2018-05-18 22:26:41.256008');
INSERT INTO public.stream (id, log_time, egv, log_id, date_created) VALUES (32898, 213001, 160, 130, '2018-05-18 22:26:41.256639');
INSERT INTO public.stream (id, log_time, egv, log_id, date_created) VALUES (32899, 213301, 170, 130, '2018-05-18 22:26:41.257487');
INSERT INTO public.stream (id, log_time, egv, log_id, date_created) VALUES (32900, 213601, 179, 130, '2018-05-18 22:26:41.258109');
INSERT INTO public.stream (id, log_time, egv, log_id, date_created) VALUES (32901, 213901, 186, 130, '2018-05-18 22:26:41.258645');
INSERT INTO public.stream (id, log_time, egv, log_id, date_created) VALUES (32902, 214201, 192, 130, '2018-05-18 22:26:41.259284');
INSERT INTO public.stream (id, log_time, egv, log_id, date_created) VALUES (32903, 214501, 196, 130, '2018-05-18 22:26:41.26004');
INSERT INTO public.stream (id, log_time, egv, log_id, date_created) VALUES (32904, 214801, 197, 130, '2018-05-18 22:26:41.260736');
INSERT INTO public.stream (id, log_time, egv, log_id, date_created) VALUES (32905, 215101, 196, 130, '2018-05-18 22:26:41.261361');
INSERT INTO public.stream (id, log_time, egv, log_id, date_created) VALUES (32906, 215401, 194, 130, '2018-05-18 22:26:41.262098');
INSERT INTO public.stream (id, log_time, egv, log_id, date_created) VALUES (32907, 215701, 189, 130, '2018-05-18 22:26:41.262689');
INSERT INTO public.stream (id, log_time, egv, log_id, date_created) VALUES (32908, 216001, 182, 130, '2018-05-18 22:26:41.263175');
INSERT INTO public.stream (id, log_time, egv, log_id, date_created) VALUES (32909, 216301, 174, 130, '2018-05-18 22:26:41.26399');
INSERT INTO public.stream (id, log_time, egv, log_id, date_created) VALUES (32910, 216601, 164, 130, '2018-05-18 22:26:41.264481');
INSERT INTO public.stream (id, log_time, egv, log_id, date_created) VALUES (32911, 216901, 153, 130, '2018-05-18 22:26:41.265195');
INSERT INTO public.stream (id, log_time, egv, log_id, date_created) VALUES (32912, 217201, 141, 130, '2018-05-18 22:26:41.265821');
INSERT INTO public.stream (id, log_time, egv, log_id, date_created) VALUES (32913, 217501, 129, 130, '2018-05-18 22:26:41.266544');
INSERT INTO public.stream (id, log_time, egv, log_id, date_created) VALUES (32914, 217801, 117, 130, '2018-05-18 22:26:41.267261');
INSERT INTO public.stream (id, log_time, egv, log_id, date_created) VALUES (32915, 218101, 105, 130, '2018-05-18 22:26:41.267812');
INSERT INTO public.stream (id, log_time, egv, log_id, date_created) VALUES (32916, 218401, 93, 130, '2018-05-18 22:26:41.268563');
INSERT INTO public.stream (id, log_time, egv, log_id, date_created) VALUES (32917, 218701, 83, 130, '2018-05-18 22:26:41.26918');
INSERT INTO public.stream (id, log_time, egv, log_id, date_created) VALUES (32918, 219001, 74, 130, '2018-05-18 22:26:41.269875');
INSERT INTO public.stream (id, log_time, egv, log_id, date_created) VALUES (32919, 219301, 66, 130, '2018-05-18 22:26:41.270598');
INSERT INTO public.stream (id, log_time, egv, log_id, date_created) VALUES (32920, 219601, 61, 130, '2018-05-18 22:26:41.271239');
INSERT INTO public.stream (id, log_time, egv, log_id, date_created) VALUES (32921, 219901, 57, 130, '2018-05-18 22:26:41.271987');
INSERT INTO public.stream (id, log_time, egv, log_id, date_created) VALUES (32922, 220201, 56, 130, '2018-05-18 22:26:41.27247');
INSERT INTO public.stream (id, log_time, egv, log_id, date_created) VALUES (32923, 220501, 56, 130, '2018-05-18 22:26:41.273026');
INSERT INTO public.stream (id, log_time, egv, log_id, date_created) VALUES (32924, 220801, 59, 130, '2018-05-18 22:26:41.2736');
INSERT INTO public.stream (id, log_time, egv, log_id, date_created) VALUES (32925, 221101, 64, 130, '2018-05-18 22:26:41.274325');
INSERT INTO public.stream (id, log_time, egv, log_id, date_created) VALUES (32926, 221401, 71, 130, '2018-05-18 22:26:41.27492');
INSERT INTO public.stream (id, log_time, egv, log_id, date_created) VALUES (32927, 221701, 79, 130, '2018-05-18 22:26:41.275972');
INSERT INTO public.stream (id, log_time, egv, log_id, date_created) VALUES (32928, 222001, 89, 130, '2018-05-18 22:26:41.276543');
INSERT INTO public.stream (id, log_time, egv, log_id, date_created) VALUES (32929, 222301, 100, 130, '2018-05-18 22:26:41.277027');
INSERT INTO public.stream (id, log_time, egv, log_id, date_created) VALUES (32930, 222601, 112, 130, '2018-05-18 22:26:41.277745');
INSERT INTO public.stream (id, log_time, egv, log_id, date_created) VALUES (32931, 222901, 124, 130, '2018-05-18 22:26:41.278322');
INSERT INTO public.stream (id, log_time, egv, log_id, date_created) VALUES (32932, 223201, 136, 130, '2018-05-18 22:26:41.279067');
INSERT INTO public.stream (id, log_time, egv, log_id, date_created) VALUES (32933, 223501, 148, 130, '2018-05-18 22:26:41.279805');
INSERT INTO public.stream (id, log_time, egv, log_id, date_created) VALUES (32934, 223801, 159, 130, '2018-05-18 22:26:41.280544');
INSERT INTO public.stream (id, log_time, egv, log_id, date_created) VALUES (32935, 224101, 170, 130, '2018-05-18 22:26:41.281028');
INSERT INTO public.stream (id, log_time, egv, log_id, date_created) VALUES (32936, 224401, 179, 130, '2018-05-18 22:26:41.281582');
INSERT INTO public.stream (id, log_time, egv, log_id, date_created) VALUES (32937, 224701, 186, 130, '2018-05-18 22:26:41.282219');
INSERT INTO public.stream (id, log_time, egv, log_id, date_created) VALUES (32938, 225001, 192, 130, '2018-05-18 22:26:41.282985');
INSERT INTO public.stream (id, log_time, egv, log_id, date_created) VALUES (32939, 225301, 195, 130, '2018-05-18 22:26:41.283573');
INSERT INTO public.stream (id, log_time, egv, log_id, date_created) VALUES (32940, 225601, 197, 130, '2018-05-18 22:26:41.284186');
INSERT INTO public.stream (id, log_time, egv, log_id, date_created) VALUES (32941, 225901, 196, 130, '2018-05-18 22:26:41.284986');
INSERT INTO public.stream (id, log_time, egv, log_id, date_created) VALUES (32942, 226201, 193, 130, '2018-05-18 22:26:41.285734');
INSERT INTO public.stream (id, log_time, egv, log_id, date_created) VALUES (32943, 226501, 188, 130, '2018-05-18 22:26:41.286298');
INSERT INTO public.stream (id, log_time, egv, log_id, date_created) VALUES (32944, 226801, 182, 130, '2018-05-18 22:26:41.286879');
INSERT INTO public.stream (id, log_time, egv, log_id, date_created) VALUES (32945, 227101, 173, 130, '2018-05-18 22:26:41.287457');
INSERT INTO public.stream (id, log_time, egv, log_id, date_created) VALUES (32946, 227401, 164, 130, '2018-05-18 22:26:41.28821');
INSERT INTO public.stream (id, log_time, egv, log_id, date_created) VALUES (32947, 227701, 153, 130, '2018-05-18 22:26:41.288786');
INSERT INTO public.stream (id, log_time, egv, log_id, date_created) VALUES (32948, 228001, 141, 130, '2018-05-18 22:26:41.289347');
INSERT INTO public.stream (id, log_time, egv, log_id, date_created) VALUES (32949, 228301, 129, 130, '2018-05-18 22:26:41.289927');
INSERT INTO public.stream (id, log_time, egv, log_id, date_created) VALUES (32950, 228601, 116, 130, '2018-05-18 22:26:41.290434');
INSERT INTO public.stream (id, log_time, egv, log_id, date_created) VALUES (32951, 228901, 104, 130, '2018-05-18 22:26:41.29093');
INSERT INTO public.stream (id, log_time, egv, log_id, date_created) VALUES (32952, 229201, 93, 130, '2018-05-18 22:26:41.291449');
INSERT INTO public.stream (id, log_time, egv, log_id, date_created) VALUES (32953, 229501, 83, 130, '2018-05-18 22:26:41.292136');
INSERT INTO public.stream (id, log_time, egv, log_id, date_created) VALUES (32954, 229801, 74, 130, '2018-05-18 22:26:41.292937');
INSERT INTO public.stream (id, log_time, egv, log_id, date_created) VALUES (32955, 230101, 66, 130, '2018-05-18 22:26:41.293705');
INSERT INTO public.stream (id, log_time, egv, log_id, date_created) VALUES (32956, 230401, 61, 130, '2018-05-18 22:26:41.294287');
INSERT INTO public.stream (id, log_time, egv, log_id, date_created) VALUES (32957, 230701, 57, 130, '2018-05-18 22:26:41.294809');
INSERT INTO public.stream (id, log_time, egv, log_id, date_created) VALUES (32958, 231001, 56, 130, '2018-05-18 22:26:41.295662');
INSERT INTO public.stream (id, log_time, egv, log_id, date_created) VALUES (32959, 231301, 56, 130, '2018-05-18 22:26:41.296208');
INSERT INTO public.stream (id, log_time, egv, log_id, date_created) VALUES (32960, 231601, 59, 130, '2018-05-18 22:26:41.296853');
INSERT INTO public.stream (id, log_time, egv, log_id, date_created) VALUES (32961, 231901, 64, 130, '2018-05-18 22:26:41.297572');
INSERT INTO public.stream (id, log_time, egv, log_id, date_created) VALUES (32962, 232201, 71, 130, '2018-05-18 22:26:41.298277');
INSERT INTO public.stream (id, log_time, egv, log_id, date_created) VALUES (32963, 232501, 79, 130, '2018-05-18 22:26:41.299006');
INSERT INTO public.stream (id, log_time, egv, log_id, date_created) VALUES (32964, 232801, 89, 130, '2018-05-18 22:26:41.299519');
INSERT INTO public.stream (id, log_time, egv, log_id, date_created) VALUES (32965, 233101, 100, 130, '2018-05-18 22:26:41.300085');
INSERT INTO public.stream (id, log_time, egv, log_id, date_created) VALUES (32966, 233401, 111, 130, '2018-05-18 22:26:41.300833');
INSERT INTO public.stream (id, log_time, egv, log_id, date_created) VALUES (32967, 233701, 124, 130, '2018-05-18 22:26:41.30159');
INSERT INTO public.stream (id, log_time, egv, log_id, date_created) VALUES (32968, 234001, 136, 130, '2018-05-18 22:26:41.302209');
INSERT INTO public.stream (id, log_time, egv, log_id, date_created) VALUES (32969, 234301, 148, 130, '2018-05-18 22:26:41.302954');
INSERT INTO public.stream (id, log_time, egv, log_id, date_created) VALUES (32970, 234601, 159, 130, '2018-05-18 22:26:41.303528');
INSERT INTO public.stream (id, log_time, egv, log_id, date_created) VALUES (32971, 234901, 169, 130, '2018-05-18 22:26:41.304018');
INSERT INTO public.stream (id, log_time, egv, log_id, date_created) VALUES (32972, 235201, 178, 130, '2018-05-18 22:26:41.304811');
INSERT INTO public.stream (id, log_time, egv, log_id, date_created) VALUES (32973, 235501, 186, 130, '2018-05-18 22:26:41.305934');
INSERT INTO public.stream (id, log_time, egv, log_id, date_created) VALUES (32974, 235801, 191, 130, '2018-05-18 22:26:41.30665');
INSERT INTO public.stream (id, log_time, egv, log_id, date_created) VALUES (32975, 236101, 195, 130, '2018-05-18 22:26:41.307295');
INSERT INTO public.stream (id, log_time, egv, log_id, date_created) VALUES (32976, 236401, 196, 130, '2018-05-18 22:26:41.307816');
INSERT INTO public.stream (id, log_time, egv, log_id, date_created) VALUES (32977, 236701, 196, 130, '2018-05-18 22:26:41.308355');
INSERT INTO public.stream (id, log_time, egv, log_id, date_created) VALUES (32978, 237001, 193, 130, '2018-05-18 22:26:41.308924');
INSERT INTO public.stream (id, log_time, egv, log_id, date_created) VALUES (32979, 237301, 188, 130, '2018-05-18 22:26:41.309441');
INSERT INTO public.stream (id, log_time, egv, log_id, date_created) VALUES (32980, 237601, 181, 130, '2018-05-18 22:26:41.309965');
INSERT INTO public.stream (id, log_time, egv, log_id, date_created) VALUES (32981, 237901, 173, 130, '2018-05-18 22:26:41.310558');
INSERT INTO public.stream (id, log_time, egv, log_id, date_created) VALUES (32982, 238201, 163, 130, '2018-05-18 22:26:41.311126');
INSERT INTO public.stream (id, log_time, egv, log_id, date_created) VALUES (32983, 238501, 152, 130, '2018-05-18 22:26:41.31174');
INSERT INTO public.stream (id, log_time, egv, log_id, date_created) VALUES (32984, 238801, 141, 130, '2018-05-18 22:26:41.312319');
INSERT INTO public.stream (id, log_time, egv, log_id, date_created) VALUES (32985, 239101, 128, 130, '2018-05-18 22:26:41.312806');
INSERT INTO public.stream (id, log_time, egv, log_id, date_created) VALUES (32986, 239401, 116, 130, '2018-05-18 22:26:41.313348');
INSERT INTO public.stream (id, log_time, egv, log_id, date_created) VALUES (32987, 239701, 104, 130, '2018-05-18 22:26:41.313916');
INSERT INTO public.stream (id, log_time, egv, log_id, date_created) VALUES (32988, 240001, 93, 130, '2018-05-18 22:26:41.314552');
INSERT INTO public.stream (id, log_time, egv, log_id, date_created) VALUES (32989, 240301, 83, 130, '2018-05-18 22:26:41.315215');
INSERT INTO public.stream (id, log_time, egv, log_id, date_created) VALUES (32990, 240601, 74, 130, '2018-05-18 22:26:41.316677');
INSERT INTO public.stream (id, log_time, egv, log_id, date_created) VALUES (32991, 240901, 66, 130, '2018-05-18 22:26:41.317537');
INSERT INTO public.stream (id, log_time, egv, log_id, date_created) VALUES (32992, 241201, 61, 130, '2018-05-18 22:26:41.318282');
INSERT INTO public.stream (id, log_time, egv, log_id, date_created) VALUES (32993, 241501, 57, 130, '2018-05-18 22:26:41.318992');
INSERT INTO public.stream (id, log_time, egv, log_id, date_created) VALUES (32994, 241801, 56, 130, '2018-05-18 22:26:41.319582');
INSERT INTO public.stream (id, log_time, egv, log_id, date_created) VALUES (32995, 242101, 56, 130, '2018-05-18 22:26:41.320421');
INSERT INTO public.stream (id, log_time, egv, log_id, date_created) VALUES (32996, 242401, 59, 130, '2018-05-18 22:26:41.321016');
INSERT INTO public.stream (id, log_time, egv, log_id, date_created) VALUES (32997, 242701, 64, 130, '2018-05-18 22:26:41.321716');
INSERT INTO public.stream (id, log_time, egv, log_id, date_created) VALUES (32998, 243001, 70, 130, '2018-05-18 22:26:41.322472');
INSERT INTO public.stream (id, log_time, egv, log_id, date_created) VALUES (32999, 243301, 79, 130, '2018-05-18 22:26:41.323123');
INSERT INTO public.stream (id, log_time, egv, log_id, date_created) VALUES (33000, 243601, 89, 130, '2018-05-18 22:26:41.323698');
INSERT INTO public.stream (id, log_time, egv, log_id, date_created) VALUES (33001, 243901, 99, 130, '2018-05-18 22:26:41.324364');
INSERT INTO public.stream (id, log_time, egv, log_id, date_created) VALUES (33002, 244201, 111, 130, '2018-05-18 22:26:41.324995');
INSERT INTO public.stream (id, log_time, egv, log_id, date_created) VALUES (33003, 244501, 123, 130, '2018-05-18 22:26:41.325752');
INSERT INTO public.stream (id, log_time, egv, log_id, date_created) VALUES (33004, 244801, 136, 130, '2018-05-18 22:26:41.326509');
INSERT INTO public.stream (id, log_time, egv, log_id, date_created) VALUES (33005, 245101, 147, 130, '2018-05-18 22:26:41.327115');
INSERT INTO public.stream (id, log_time, egv, log_id, date_created) VALUES (33006, 245401, 159, 130, '2018-05-18 22:26:41.327604');
INSERT INTO public.stream (id, log_time, egv, log_id, date_created) VALUES (33007, 245701, 169, 130, '2018-05-18 22:26:41.328377');
INSERT INTO public.stream (id, log_time, egv, log_id, date_created) VALUES (33008, 246001, 178, 130, '2018-05-18 22:26:41.329142');
INSERT INTO public.stream (id, log_time, egv, log_id, date_created) VALUES (33009, 246301, 185, 130, '2018-05-18 22:26:41.329901');
INSERT INTO public.stream (id, log_time, egv, log_id, date_created) VALUES (33010, 246601, 191, 130, '2018-05-18 22:26:41.330687');


--
-- Data for Name: stream_header; Type: TABLE DATA; Schema: public; Owner: postgres
--

INSERT INTO public.stream_header (id, starting_log_time, egv_count, period, log_id, date_created) VALUES (17, 1364825, 70, 0, 94, '2018-05-07 19:16:00.774474');
INSERT INTO public.stream_header (id, starting_log_time, egv_count, period, log_id, date_created) VALUES (18, 1366955, 3, 0, 94, '2018-05-07 19:16:00.847582');
INSERT INTO public.stream_header (id, starting_log_time, egv_count, period, log_id, date_created) VALUES (19, 1367315, 44, 0, 94, '2018-05-07 19:16:00.851927');
INSERT INTO public.stream_header (id, starting_log_time, egv_count, period, log_id, date_created) VALUES (20, 1368664, 6, 0, 94, '2018-05-07 19:16:00.88949');
INSERT INTO public.stream_header (id, starting_log_time, egv_count, period, log_id, date_created) VALUES (21, 1368874, 25, 0, 94, '2018-05-07 19:16:00.89659');
INSERT INTO public.stream_header (id, starting_log_time, egv_count, period, log_id, date_created) VALUES (22, 1369684, 20, 0, 94, '2018-05-07 19:16:00.918847');
INSERT INTO public.stream_header (id, starting_log_time, egv_count, period, log_id, date_created) VALUES (23, 1370314, 10, 0, 94, '2018-05-07 19:16:00.93356');
INSERT INTO public.stream_header (id, starting_log_time, egv_count, period, log_id, date_created) VALUES (24, 1370644, 24, 0, 94, '2018-05-07 19:16:00.945227');
INSERT INTO public.stream_header (id, starting_log_time, egv_count, period, log_id, date_created) VALUES (25, 1371634, 181, 0, 94, '2018-05-07 19:16:00.962321');
INSERT INTO public.stream_header (id, starting_log_time, egv_count, period, log_id, date_created) VALUES (26, 1377063, 411, 0, 95, '2018-05-07 19:16:06.811447');
INSERT INTO public.stream_header (id, starting_log_time, egv_count, period, log_id, date_created) VALUES (27, 1389393, 411, 0, 96, '2018-05-07 19:16:12.722448');
INSERT INTO public.stream_header (id, starting_log_time, egv_count, period, log_id, date_created) VALUES (28, 1401723, 411, 0, 97, '2018-05-07 19:16:18.972748');
INSERT INTO public.stream_header (id, starting_log_time, egv_count, period, log_id, date_created) VALUES (29, 1414053, 411, 0, 98, '2018-05-07 19:16:24.918269');
INSERT INTO public.stream_header (id, starting_log_time, egv_count, period, log_id, date_created) VALUES (30, 1426383, 411, 0, 99, '2018-05-07 19:16:31.059286');
INSERT INTO public.stream_header (id, starting_log_time, egv_count, period, log_id, date_created) VALUES (31, 1438712, 321, 0, 100, '2018-05-07 19:16:36.826454');
INSERT INTO public.stream_header (id, starting_log_time, egv_count, period, log_id, date_created) VALUES (32, 1448407, 30, 0, 100, '2018-05-07 19:16:37.024603');
INSERT INTO public.stream_header (id, starting_log_time, egv_count, period, log_id, date_created) VALUES (33, 1449397, 2, 0, 100, '2018-05-07 19:16:37.039466');
INSERT INTO public.stream_header (id, starting_log_time, egv_count, period, log_id, date_created) VALUES (34, 1449547, 2, 0, 100, '2018-05-07 19:16:37.0405');
INSERT INTO public.stream_header (id, starting_log_time, egv_count, period, log_id, date_created) VALUES (35, 1449697, 2, 0, 100, '2018-05-07 19:16:37.041609');
INSERT INTO public.stream_header (id, starting_log_time, egv_count, period, log_id, date_created) VALUES (36, 1449847, 2, 0, 100, '2018-05-07 19:16:37.042691');
INSERT INTO public.stream_header (id, starting_log_time, egv_count, period, log_id, date_created) VALUES (37, 1449997, 2, 0, 100, '2018-05-07 19:16:37.043701');
INSERT INTO public.stream_header (id, starting_log_time, egv_count, period, log_id, date_created) VALUES (38, 1450087, 9, 0, 100, '2018-05-07 19:16:37.044577');
INSERT INTO public.stream_header (id, starting_log_time, egv_count, period, log_id, date_created) VALUES (39, 1450417, 6, 0, 100, '2018-05-07 19:16:37.047612');
INSERT INTO public.stream_header (id, starting_log_time, egv_count, period, log_id, date_created) VALUES (40, 1457677, 3, 0, 100, '2018-05-07 19:16:37.049735');
INSERT INTO public.stream_header (id, starting_log_time, egv_count, period, log_id, date_created) VALUES (41, 1457767, 6, 0, 101, '2018-05-07 19:16:40.181972');
INSERT INTO public.stream_header (id, starting_log_time, egv_count, period, log_id, date_created) VALUES (42, 1460197, 217, 2, 101, '2018-05-07 19:16:40.186331');
INSERT INTO public.stream_header (id, starting_log_time, egv_count, period, log_id, date_created) VALUES (43, 1364825, 70, 0, 102, '2018-05-08 12:54:15.863938');
INSERT INTO public.stream_header (id, starting_log_time, egv_count, period, log_id, date_created) VALUES (44, 1366955, 3, 0, 102, '2018-05-08 12:54:15.966052');
INSERT INTO public.stream_header (id, starting_log_time, egv_count, period, log_id, date_created) VALUES (45, 1367315, 44, 0, 102, '2018-05-08 12:54:15.974258');
INSERT INTO public.stream_header (id, starting_log_time, egv_count, period, log_id, date_created) VALUES (46, 1368664, 6, 0, 102, '2018-05-08 12:54:16.015695');
INSERT INTO public.stream_header (id, starting_log_time, egv_count, period, log_id, date_created) VALUES (47, 1368874, 25, 0, 102, '2018-05-08 12:54:16.022387');
INSERT INTO public.stream_header (id, starting_log_time, egv_count, period, log_id, date_created) VALUES (48, 1369684, 20, 0, 102, '2018-05-08 12:54:16.041166');
INSERT INTO public.stream_header (id, starting_log_time, egv_count, period, log_id, date_created) VALUES (49, 1370314, 10, 0, 102, '2018-05-08 12:54:16.057429');
INSERT INTO public.stream_header (id, starting_log_time, egv_count, period, log_id, date_created) VALUES (50, 1370644, 24, 0, 102, '2018-05-08 12:54:16.067732');
INSERT INTO public.stream_header (id, starting_log_time, egv_count, period, log_id, date_created) VALUES (51, 1371634, 186, 0, 102, '2018-05-08 12:54:16.094493');
INSERT INTO public.stream_header (id, starting_log_time, egv_count, period, log_id, date_created) VALUES (52, 1364825, 70, 0, 103, '2018-05-08 13:06:56.896054');
INSERT INTO public.stream_header (id, starting_log_time, egv_count, period, log_id, date_created) VALUES (53, 1364825, 70, 0, 104, '2018-05-08 13:07:54.177798');
INSERT INTO public.stream_header (id, starting_log_time, egv_count, period, log_id, date_created) VALUES (54, 1366955, 3, 0, 104, '2018-05-08 13:07:56.086481');
INSERT INTO public.stream_header (id, starting_log_time, egv_count, period, log_id, date_created) VALUES (55, 1367315, 44, 0, 104, '2018-05-08 13:07:57.668122');
INSERT INTO public.stream_header (id, starting_log_time, egv_count, period, log_id, date_created) VALUES (56, 1368664, 6, 0, 104, '2018-05-08 13:08:16.641117');
INSERT INTO public.stream_header (id, starting_log_time, egv_count, period, log_id, date_created) VALUES (57, 1368874, 25, 0, 104, '2018-05-08 13:10:35.636643');
INSERT INTO public.stream_header (id, starting_log_time, egv_count, period, log_id, date_created) VALUES (58, 1364825, 70, 0, 105, '2018-05-08 13:12:25.072153');
INSERT INTO public.stream_header (id, starting_log_time, egv_count, period, log_id, date_created) VALUES (59, 1366955, 3, 0, 105, '2018-05-08 13:12:25.127805');
INSERT INTO public.stream_header (id, starting_log_time, egv_count, period, log_id, date_created) VALUES (60, 1367315, 44, 0, 105, '2018-05-08 13:12:25.13114');
INSERT INTO public.stream_header (id, starting_log_time, egv_count, period, log_id, date_created) VALUES (61, 1368664, 6, 0, 105, '2018-05-08 13:12:25.161013');
INSERT INTO public.stream_header (id, starting_log_time, egv_count, period, log_id, date_created) VALUES (62, 1368874, 25, 0, 105, '2018-05-08 13:12:25.165971');
INSERT INTO public.stream_header (id, starting_log_time, egv_count, period, log_id, date_created) VALUES (63, 1369684, 20, 0, 105, '2018-05-08 13:12:25.182995');
INSERT INTO public.stream_header (id, starting_log_time, egv_count, period, log_id, date_created) VALUES (64, 1370314, 10, 0, 105, '2018-05-08 13:12:25.196976');
INSERT INTO public.stream_header (id, starting_log_time, egv_count, period, log_id, date_created) VALUES (65, 1370644, 24, 0, 105, '2018-05-08 13:12:25.204201');
INSERT INTO public.stream_header (id, starting_log_time, egv_count, period, log_id, date_created) VALUES (66, 1371634, 186, 0, 105, '2018-05-08 13:12:25.21844');
INSERT INTO public.stream_header (id, starting_log_time, egv_count, period, log_id, date_created) VALUES (67, 1364825, 70, 0, 106, '2018-05-08 13:12:55.468417');
INSERT INTO public.stream_header (id, starting_log_time, egv_count, period, log_id, date_created) VALUES (68, 1366955, 3, 0, 106, '2018-05-08 13:12:57.906366');
INSERT INTO public.stream_header (id, starting_log_time, egv_count, period, log_id, date_created) VALUES (69, 1367315, 44, 0, 106, '2018-05-08 13:12:59.126627');
INSERT INTO public.stream_header (id, starting_log_time, egv_count, period, log_id, date_created) VALUES (70, 1368664, 6, 0, 106, '2018-05-08 13:13:12.783053');
INSERT INTO public.stream_header (id, starting_log_time, egv_count, period, log_id, date_created) VALUES (71, 1368874, 25, 0, 106, '2018-05-08 13:13:13.428759');
INSERT INTO public.stream_header (id, starting_log_time, egv_count, period, log_id, date_created) VALUES (72, 1369684, 20, 0, 106, '2018-05-08 13:13:13.98663');
INSERT INTO public.stream_header (id, starting_log_time, egv_count, period, log_id, date_created) VALUES (73, 1370314, 10, 0, 106, '2018-05-08 13:13:14.534365');
INSERT INTO public.stream_header (id, starting_log_time, egv_count, period, log_id, date_created) VALUES (74, 1370644, 24, 0, 106, '2018-05-08 13:13:14.976599');
INSERT INTO public.stream_header (id, starting_log_time, egv_count, period, log_id, date_created) VALUES (75, 1371634, 186, 0, 106, '2018-05-08 13:13:15.526461');
INSERT INTO public.stream_header (id, starting_log_time, egv_count, period, log_id, date_created) VALUES (76, 1364825, 70, 0, 107, '2018-05-09 18:24:40.227889');
INSERT INTO public.stream_header (id, starting_log_time, egv_count, period, log_id, date_created) VALUES (77, 1364825, 70, 0, 108, '2018-05-09 18:25:18.057579');
INSERT INTO public.stream_header (id, starting_log_time, egv_count, period, log_id, date_created) VALUES (78, 1366955, 3, 0, 108, '2018-05-09 18:26:21.906358');
INSERT INTO public.stream_header (id, starting_log_time, egv_count, period, log_id, date_created) VALUES (79, 1367315, 44, 0, 108, '2018-05-09 18:26:24.82219');
INSERT INTO public.stream_header (id, starting_log_time, egv_count, period, log_id, date_created) VALUES (80, 1368664, 6, 0, 108, '2018-05-09 18:26:24.925622');
INSERT INTO public.stream_header (id, starting_log_time, egv_count, period, log_id, date_created) VALUES (81, 1368874, 25, 0, 108, '2018-05-09 18:26:24.937711');
INSERT INTO public.stream_header (id, starting_log_time, egv_count, period, log_id, date_created) VALUES (82, 1369684, 20, 0, 108, '2018-05-09 18:26:24.99202');
INSERT INTO public.stream_header (id, starting_log_time, egv_count, period, log_id, date_created) VALUES (83, 1370314, 10, 0, 108, '2018-05-09 18:26:25.028172');
INSERT INTO public.stream_header (id, starting_log_time, egv_count, period, log_id, date_created) VALUES (84, 1370644, 24, 0, 108, '2018-05-09 18:26:25.042931');
INSERT INTO public.stream_header (id, starting_log_time, egv_count, period, log_id, date_created) VALUES (85, 1371634, 186, 0, 108, '2018-05-09 18:26:25.081692');
INSERT INTO public.stream_header (id, starting_log_time, egv_count, period, log_id, date_created) VALUES (86, 1364825, 70, 0, 109, '2018-05-09 18:29:28.235451');
INSERT INTO public.stream_header (id, starting_log_time, egv_count, period, log_id, date_created) VALUES (87, 1366955, 3, 0, 109, '2018-05-09 18:29:41.362701');
INSERT INTO public.stream_header (id, starting_log_time, egv_count, period, log_id, date_created) VALUES (88, 1367315, 44, 0, 109, '2018-05-09 18:29:41.368387');
INSERT INTO public.stream_header (id, starting_log_time, egv_count, period, log_id, date_created) VALUES (89, 1368664, 6, 0, 109, '2018-05-09 18:29:41.407313');
INSERT INTO public.stream_header (id, starting_log_time, egv_count, period, log_id, date_created) VALUES (90, 1368874, 25, 0, 109, '2018-05-09 18:29:41.417453');
INSERT INTO public.stream_header (id, starting_log_time, egv_count, period, log_id, date_created) VALUES (91, 1369684, 20, 0, 109, '2018-05-09 18:29:41.435957');
INSERT INTO public.stream_header (id, starting_log_time, egv_count, period, log_id, date_created) VALUES (92, 1370314, 10, 0, 109, '2018-05-09 18:29:41.454842');
INSERT INTO public.stream_header (id, starting_log_time, egv_count, period, log_id, date_created) VALUES (93, 1370644, 24, 0, 109, '2018-05-09 18:29:41.46184');
INSERT INTO public.stream_header (id, starting_log_time, egv_count, period, log_id, date_created) VALUES (94, 1371634, 186, 0, 109, '2018-05-09 18:29:41.475314');
INSERT INTO public.stream_header (id, starting_log_time, egv_count, period, log_id, date_created) VALUES (95, 1364825, 70, 0, 110, '2018-05-09 18:30:06.977982');
INSERT INTO public.stream_header (id, starting_log_time, egv_count, period, log_id, date_created) VALUES (96, 1366955, 3, 0, 110, '2018-05-09 18:30:07.0313');
INSERT INTO public.stream_header (id, starting_log_time, egv_count, period, log_id, date_created) VALUES (97, 1367315, 44, 0, 110, '2018-05-09 18:30:07.035071');
INSERT INTO public.stream_header (id, starting_log_time, egv_count, period, log_id, date_created) VALUES (98, 1368664, 6, 0, 110, '2018-05-09 18:30:07.060751');
INSERT INTO public.stream_header (id, starting_log_time, egv_count, period, log_id, date_created) VALUES (99, 1368874, 25, 0, 110, '2018-05-09 18:30:07.06516');
INSERT INTO public.stream_header (id, starting_log_time, egv_count, period, log_id, date_created) VALUES (100, 1369684, 20, 0, 110, '2018-05-09 18:30:07.081429');
INSERT INTO public.stream_header (id, starting_log_time, egv_count, period, log_id, date_created) VALUES (101, 1370314, 10, 0, 110, '2018-05-09 18:30:07.094921');
INSERT INTO public.stream_header (id, starting_log_time, egv_count, period, log_id, date_created) VALUES (102, 1370644, 24, 0, 110, '2018-05-09 18:30:07.101606');
INSERT INTO public.stream_header (id, starting_log_time, egv_count, period, log_id, date_created) VALUES (103, 1371634, 186, 0, 110, '2018-05-09 18:30:07.114636');
INSERT INTO public.stream_header (id, starting_log_time, egv_count, period, log_id, date_created) VALUES (104, 1364825, 70, 0, 111, '2018-05-09 18:46:24.831649');
INSERT INTO public.stream_header (id, starting_log_time, egv_count, period, log_id, date_created) VALUES (105, 1366955, 3, 0, 111, '2018-05-09 18:46:24.943414');
INSERT INTO public.stream_header (id, starting_log_time, egv_count, period, log_id, date_created) VALUES (106, 1367315, 44, 0, 111, '2018-05-09 18:46:24.960482');
INSERT INTO public.stream_header (id, starting_log_time, egv_count, period, log_id, date_created) VALUES (107, 1368664, 6, 0, 111, '2018-05-09 18:46:25.034477');
INSERT INTO public.stream_header (id, starting_log_time, egv_count, period, log_id, date_created) VALUES (108, 1368874, 25, 0, 111, '2018-05-09 18:46:25.055407');
INSERT INTO public.stream_header (id, starting_log_time, egv_count, period, log_id, date_created) VALUES (109, 1369684, 20, 0, 111, '2018-05-09 18:46:25.100687');
INSERT INTO public.stream_header (id, starting_log_time, egv_count, period, log_id, date_created) VALUES (110, 1370314, 10, 0, 111, '2018-05-09 18:46:25.131398');
INSERT INTO public.stream_header (id, starting_log_time, egv_count, period, log_id, date_created) VALUES (111, 1370644, 24, 0, 111, '2018-05-09 18:46:25.154066');
INSERT INTO public.stream_header (id, starting_log_time, egv_count, period, log_id, date_created) VALUES (112, 1371634, 186, 0, 111, '2018-05-09 18:46:25.190433');
INSERT INTO public.stream_header (id, starting_log_time, egv_count, period, log_id, date_created) VALUES (113, 1364825, 70, 0, 112, '2018-05-09 18:46:44.796682');
INSERT INTO public.stream_header (id, starting_log_time, egv_count, period, log_id, date_created) VALUES (114, 1366955, 3, 0, 112, '2018-05-09 18:46:44.894462');
INSERT INTO public.stream_header (id, starting_log_time, egv_count, period, log_id, date_created) VALUES (115, 1367315, 44, 0, 112, '2018-05-09 18:46:44.910026');
INSERT INTO public.stream_header (id, starting_log_time, egv_count, period, log_id, date_created) VALUES (116, 1368664, 6, 0, 112, '2018-05-09 18:46:44.970707');
INSERT INTO public.stream_header (id, starting_log_time, egv_count, period, log_id, date_created) VALUES (117, 1368874, 25, 0, 112, '2018-05-09 18:46:44.989562');
INSERT INTO public.stream_header (id, starting_log_time, egv_count, period, log_id, date_created) VALUES (118, 1369684, 20, 0, 112, '2018-05-09 18:46:45.027135');
INSERT INTO public.stream_header (id, starting_log_time, egv_count, period, log_id, date_created) VALUES (119, 1370314, 10, 0, 112, '2018-05-09 18:46:45.065306');
INSERT INTO public.stream_header (id, starting_log_time, egv_count, period, log_id, date_created) VALUES (120, 1370644, 24, 0, 112, '2018-05-09 18:46:45.088698');
INSERT INTO public.stream_header (id, starting_log_time, egv_count, period, log_id, date_created) VALUES (121, 1371634, 186, 0, 112, '2018-05-09 18:46:45.133798');
INSERT INTO public.stream_header (id, starting_log_time, egv_count, period, log_id, date_created) VALUES (122, 1364825, 70, 0, 113, '2018-05-09 18:46:56.326114');
INSERT INTO public.stream_header (id, starting_log_time, egv_count, period, log_id, date_created) VALUES (123, 1366955, 3, 0, 113, '2018-05-09 18:46:56.439813');
INSERT INTO public.stream_header (id, starting_log_time, egv_count, period, log_id, date_created) VALUES (124, 1367315, 44, 0, 113, '2018-05-09 18:46:56.463193');
INSERT INTO public.stream_header (id, starting_log_time, egv_count, period, log_id, date_created) VALUES (125, 1368664, 6, 0, 113, '2018-05-09 18:46:56.636188');
INSERT INTO public.stream_header (id, starting_log_time, egv_count, period, log_id, date_created) VALUES (126, 1368874, 25, 0, 113, '2018-05-09 18:46:56.666354');
INSERT INTO public.stream_header (id, starting_log_time, egv_count, period, log_id, date_created) VALUES (127, 1369684, 20, 0, 113, '2018-05-09 18:46:56.721306');
INSERT INTO public.stream_header (id, starting_log_time, egv_count, period, log_id, date_created) VALUES (128, 1370314, 10, 0, 113, '2018-05-09 18:46:56.755741');
INSERT INTO public.stream_header (id, starting_log_time, egv_count, period, log_id, date_created) VALUES (129, 1370644, 24, 0, 113, '2018-05-09 18:46:56.777996');
INSERT INTO public.stream_header (id, starting_log_time, egv_count, period, log_id, date_created) VALUES (130, 1371634, 186, 0, 113, '2018-05-09 18:46:56.822305');
INSERT INTO public.stream_header (id, starting_log_time, egv_count, period, log_id, date_created) VALUES (131, 1364825, 70, 0, 114, '2018-05-10 16:11:02.636996');
INSERT INTO public.stream_header (id, starting_log_time, egv_count, period, log_id, date_created) VALUES (132, 1366955, 3, 0, 114, '2018-05-10 16:11:02.866477');
INSERT INTO public.stream_header (id, starting_log_time, egv_count, period, log_id, date_created) VALUES (133, 1367315, 44, 0, 114, '2018-05-10 16:11:02.869178');
INSERT INTO public.stream_header (id, starting_log_time, egv_count, period, log_id, date_created) VALUES (134, 1368664, 6, 0, 114, '2018-05-10 16:11:02.903971');
INSERT INTO public.stream_header (id, starting_log_time, egv_count, period, log_id, date_created) VALUES (135, 1368874, 25, 0, 114, '2018-05-10 16:11:02.909354');
INSERT INTO public.stream_header (id, starting_log_time, egv_count, period, log_id, date_created) VALUES (136, 1369684, 20, 0, 114, '2018-05-10 16:11:02.928904');
INSERT INTO public.stream_header (id, starting_log_time, egv_count, period, log_id, date_created) VALUES (137, 1370314, 10, 0, 114, '2018-05-10 16:11:02.946553');
INSERT INTO public.stream_header (id, starting_log_time, egv_count, period, log_id, date_created) VALUES (138, 1370644, 24, 0, 114, '2018-05-10 16:11:02.956127');
INSERT INTO public.stream_header (id, starting_log_time, egv_count, period, log_id, date_created) VALUES (139, 1371634, 181, 0, 114, '2018-05-10 16:11:02.973331');
INSERT INTO public.stream_header (id, starting_log_time, egv_count, period, log_id, date_created) VALUES (140, 1377063, 411, 0, 115, '2018-05-10 16:11:05.832195');
INSERT INTO public.stream_header (id, starting_log_time, egv_count, period, log_id, date_created) VALUES (141, 1389393, 411, 0, 116, '2018-05-10 16:11:09.216038');
INSERT INTO public.stream_header (id, starting_log_time, egv_count, period, log_id, date_created) VALUES (142, 1401723, 411, 0, 117, '2018-05-10 16:11:15.638663');
INSERT INTO public.stream_header (id, starting_log_time, egv_count, period, log_id, date_created) VALUES (143, 1414053, 411, 0, 118, '2018-05-10 16:11:22.188467');
INSERT INTO public.stream_header (id, starting_log_time, egv_count, period, log_id, date_created) VALUES (144, 1426383, 411, 0, 119, '2018-05-10 16:11:28.639166');
INSERT INTO public.stream_header (id, starting_log_time, egv_count, period, log_id, date_created) VALUES (145, 1438712, 321, 0, 120, '2018-05-10 16:11:34.346297');
INSERT INTO public.stream_header (id, starting_log_time, egv_count, period, log_id, date_created) VALUES (146, 1448407, 30, 0, 120, '2018-05-10 16:11:34.542867');
INSERT INTO public.stream_header (id, starting_log_time, egv_count, period, log_id, date_created) VALUES (147, 1449397, 2, 0, 120, '2018-05-10 16:11:34.559665');
INSERT INTO public.stream_header (id, starting_log_time, egv_count, period, log_id, date_created) VALUES (148, 1449547, 2, 0, 120, '2018-05-10 16:11:34.560904');
INSERT INTO public.stream_header (id, starting_log_time, egv_count, period, log_id, date_created) VALUES (149, 1449697, 2, 0, 120, '2018-05-10 16:11:34.562');
INSERT INTO public.stream_header (id, starting_log_time, egv_count, period, log_id, date_created) VALUES (150, 1449847, 2, 0, 120, '2018-05-10 16:11:34.563258');
INSERT INTO public.stream_header (id, starting_log_time, egv_count, period, log_id, date_created) VALUES (151, 1449997, 2, 0, 120, '2018-05-10 16:11:34.564947');
INSERT INTO public.stream_header (id, starting_log_time, egv_count, period, log_id, date_created) VALUES (152, 1450087, 9, 0, 120, '2018-05-10 16:11:34.566158');
INSERT INTO public.stream_header (id, starting_log_time, egv_count, period, log_id, date_created) VALUES (153, 1450417, 6, 0, 120, '2018-05-10 16:11:34.57014');
INSERT INTO public.stream_header (id, starting_log_time, egv_count, period, log_id, date_created) VALUES (154, 1457677, 3, 0, 120, '2018-05-10 16:11:34.573115');
INSERT INTO public.stream_header (id, starting_log_time, egv_count, period, log_id, date_created) VALUES (155, 1457767, 6, 0, 121, '2018-05-10 16:11:37.934356');
INSERT INTO public.stream_header (id, starting_log_time, egv_count, period, log_id, date_created) VALUES (156, 1460197, 217, 2, 121, '2018-05-10 16:11:37.938072');
INSERT INTO public.stream_header (id, starting_log_time, egv_count, period, log_id, date_created) VALUES (157, 616801, 269, 1, 122, '2018-05-18 01:05:19.153279');
INSERT INTO public.stream_header (id, starting_log_time, egv_count, period, log_id, date_created) VALUES (158, 616801, 269, 1, 123, '2018-05-18 01:30:06.672049');
INSERT INTO public.stream_header (id, starting_log_time, egv_count, period, log_id, date_created) VALUES (159, 616801, 269, 1, 124, '2018-05-18 01:30:56.496623');
INSERT INTO public.stream_header (id, starting_log_time, egv_count, period, log_id, date_created) VALUES (160, 616801, 269, 1, 125, '2018-05-18 13:17:54.097568');
INSERT INTO public.stream_header (id, starting_log_time, egv_count, period, log_id, date_created) VALUES (161, 616801, 269, 1, 126, '2018-05-18 13:18:31.405615');
INSERT INTO public.stream_header (id, starting_log_time, egv_count, period, log_id, date_created) VALUES (162, 616801, 269, 1, 127, '2018-05-18 13:22:46.735587');
INSERT INTO public.stream_header (id, starting_log_time, egv_count, period, log_id, date_created) VALUES (163, 616801, 269, 1, 128, '2018-05-18 13:23:12.941134');
INSERT INTO public.stream_header (id, starting_log_time, egv_count, period, log_id, date_created) VALUES (164, 616801, 269, 1, 129, '2018-05-18 13:25:20.105218');
INSERT INTO public.stream_header (id, starting_log_time, egv_count, period, log_id, date_created) VALUES (165, 123601, 411, 1, 130, '2018-05-18 22:26:18.818616');


--
-- Name: stream_header_id_seq; Type: SEQUENCE SET; Schema: public; Owner: postgres
--

SELECT pg_catalog.setval('public.stream_header_id_seq', 165, true);


--
-- Name: stream_id_seq; Type: SEQUENCE SET; Schema: public; Owner: postgres
--

SELECT pg_catalog.setval('public.stream_id_seq', 33010, true);


--
-- Data for Name: users; Type: TABLE DATA; Schema: public; Owner: postgres
--

INSERT INTO public.users (id, firest_name, last_name, user_name, password) VALUES (1, NULL, NULL, 'twi', 'twi');


--
-- Name: users_id_seq; Type: SEQUENCE SET; Schema: public; Owner: postgres
--

SELECT pg_catalog.setval('public.users_id_seq', 1, true);


--
-- PostgreSQL database dump complete
--

